"","date","value","seriesID","series_id"
"1",1991-01-01,-2.59999999999999,"CEU5051800001","Computing Infrastructure, Data Processing, Web Hosting, & Related"
"2",1991-02-01,-2.70000000000002,"CEU5051800001","Computing Infrastructure, Data Processing, Web Hosting, & Related"
"3",1991-03-01,-3.40000000000001,"CEU5051800001","Computing Infrastructure, Data Processing, Web Hosting, & Related"
"4",1991-04-01,-1.5,"CEU5051800001","Computing Infrastructure, Data Processing, Web Hosting, & Related"
"5",1991-05-01,-0.199999999999989,"CEU5051800001","Computing Infrastructure, Data Processing, Web Hosting, & Related"
"6",1991-06-01,0.800000000000011,"CEU5051800001","Computing Infrastructure, Data Processing, Web Hosting, & Related"
"7",1991-07-01,2.59999999999999,"CEU5051800001","Computing Infrastructure, Data Processing, Web Hosting, & Related"
"8",1991-08-01,5,"CEU5051800001","Computing Infrastructure, Data Processing, Web Hosting, & Related"
"9",1991-09-01,4.09999999999999,"CEU5051800001","Computing Infrastructure, Data Processing, Web Hosting, & Related"
"10",1991-10-01,4.30000000000001,"CEU5051800001","Computing Infrastructure, Data Processing, Web Hosting, & Related"
"11",1991-11-01,5.20000000000002,"CEU5051800001","Computing Infrastructure, Data Processing, Web Hosting, & Related"
"12",1991-12-01,5.5,"CEU5051800001","Computing Infrastructure, Data Processing, Web Hosting, & Related"
"13",1992-01-01,3.90000000000001,"CEU5051800001","Computing Infrastructure, Data Processing, Web Hosting, & Related"
"14",1992-02-01,6.40000000000001,"CEU5051800001","Computing Infrastructure, Data Processing, Web Hosting, & Related"
"15",1992-03-01,8.80000000000001,"CEU5051800001","Computing Infrastructure, Data Processing, Web Hosting, & Related"
"16",1992-04-01,7.40000000000001,"CEU5051800001","Computing Infrastructure, Data Processing, Web Hosting, & Related"
"17",1992-05-01,5.59999999999999,"CEU5051800001","Computing Infrastructure, Data Processing, Web Hosting, & Related"
"18",1992-06-01,4.79999999999998,"CEU5051800001","Computing Infrastructure, Data Processing, Web Hosting, & Related"
"19",1992-07-01,3.70000000000002,"CEU5051800001","Computing Infrastructure, Data Processing, Web Hosting, & Related"
"20",1992-08-01,5,"CEU5051800001","Computing Infrastructure, Data Processing, Web Hosting, & Related"
"21",1992-09-01,7,"CEU5051800001","Computing Infrastructure, Data Processing, Web Hosting, & Related"
"22",1992-10-01,8.90000000000001,"CEU5051800001","Computing Infrastructure, Data Processing, Web Hosting, & Related"
"23",1992-11-01,10.4,"CEU5051800001","Computing Infrastructure, Data Processing, Web Hosting, & Related"
"24",1992-12-01,9.60000000000002,"CEU5051800001","Computing Infrastructure, Data Processing, Web Hosting, & Related"
"25",1993-01-01,8.69999999999999,"CEU5051800001","Computing Infrastructure, Data Processing, Web Hosting, & Related"
"26",1993-02-01,7.80000000000001,"CEU5051800001","Computing Infrastructure, Data Processing, Web Hosting, & Related"
"27",1993-03-01,4.29999999999998,"CEU5051800001","Computing Infrastructure, Data Processing, Web Hosting, & Related"
"28",1993-04-01,4.59999999999999,"CEU5051800001","Computing Infrastructure, Data Processing, Web Hosting, & Related"
"29",1993-05-01,7,"CEU5051800001","Computing Infrastructure, Data Processing, Web Hosting, & Related"
"30",1993-06-01,6.20000000000002,"CEU5051800001","Computing Infrastructure, Data Processing, Web Hosting, & Related"
"31",1993-07-01,5.69999999999999,"CEU5051800001","Computing Infrastructure, Data Processing, Web Hosting, & Related"
"32",1993-08-01,3.79999999999998,"CEU5051800001","Computing Infrastructure, Data Processing, Web Hosting, & Related"
"33",1993-09-01,1.59999999999999,"CEU5051800001","Computing Infrastructure, Data Processing, Web Hosting, & Related"
"34",1993-10-01,-2,"CEU5051800001","Computing Infrastructure, Data Processing, Web Hosting, & Related"
"35",1993-11-01,-1.19999999999999,"CEU5051800001","Computing Infrastructure, Data Processing, Web Hosting, & Related"
"36",1993-12-01,-1.40000000000001,"CEU5051800001","Computing Infrastructure, Data Processing, Web Hosting, & Related"
"37",1994-01-01,-1.40000000000001,"CEU5051800001","Computing Infrastructure, Data Processing, Web Hosting, & Related"
"38",1994-02-01,-3.40000000000001,"CEU5051800001","Computing Infrastructure, Data Processing, Web Hosting, & Related"
"39",1994-03-01,-1.89999999999998,"CEU5051800001","Computing Infrastructure, Data Processing, Web Hosting, & Related"
"40",1994-04-01,0.800000000000011,"CEU5051800001","Computing Infrastructure, Data Processing, Web Hosting, & Related"
"41",1994-05-01,1.5,"CEU5051800001","Computing Infrastructure, Data Processing, Web Hosting, & Related"
"42",1994-06-01,2.19999999999999,"CEU5051800001","Computing Infrastructure, Data Processing, Web Hosting, & Related"
"43",1994-07-01,2.90000000000001,"CEU5051800001","Computing Infrastructure, Data Processing, Web Hosting, & Related"
"44",1994-08-01,4.40000000000001,"CEU5051800001","Computing Infrastructure, Data Processing, Web Hosting, & Related"
"45",1994-09-01,6.80000000000001,"CEU5051800001","Computing Infrastructure, Data Processing, Web Hosting, & Related"
"46",1994-10-01,10.1,"CEU5051800001","Computing Infrastructure, Data Processing, Web Hosting, & Related"
"47",1994-11-01,9.5,"CEU5051800001","Computing Infrastructure, Data Processing, Web Hosting, & Related"
"48",1994-12-01,10.5,"CEU5051800001","Computing Infrastructure, Data Processing, Web Hosting, & Related"
"49",1995-01-01,10.7,"CEU5051800001","Computing Infrastructure, Data Processing, Web Hosting, & Related"
"50",1995-02-01,14.5,"CEU5051800001","Computing Infrastructure, Data Processing, Web Hosting, & Related"
"51",1995-03-01,18,"CEU5051800001","Computing Infrastructure, Data Processing, Web Hosting, & Related"
"52",1995-04-01,17.9,"CEU5051800001","Computing Infrastructure, Data Processing, Web Hosting, & Related"
"53",1995-05-01,18.6,"CEU5051800001","Computing Infrastructure, Data Processing, Web Hosting, & Related"
"54",1995-06-01,15.6,"CEU5051800001","Computing Infrastructure, Data Processing, Web Hosting, & Related"
"55",1995-07-01,15.8,"CEU5051800001","Computing Infrastructure, Data Processing, Web Hosting, & Related"
"56",1995-08-01,16.8,"CEU5051800001","Computing Infrastructure, Data Processing, Web Hosting, & Related"
"57",1995-09-01,15.6,"CEU5051800001","Computing Infrastructure, Data Processing, Web Hosting, & Related"
"58",1995-10-01,14.6,"CEU5051800001","Computing Infrastructure, Data Processing, Web Hosting, & Related"
"59",1995-11-01,15.1,"CEU5051800001","Computing Infrastructure, Data Processing, Web Hosting, & Related"
"60",1995-12-01,15.4,"CEU5051800001","Computing Infrastructure, Data Processing, Web Hosting, & Related"
"61",1996-01-01,13,"CEU5051800001","Computing Infrastructure, Data Processing, Web Hosting, & Related"
"62",1996-02-01,12.6,"CEU5051800001","Computing Infrastructure, Data Processing, Web Hosting, & Related"
"63",1996-03-01,9.89999999999998,"CEU5051800001","Computing Infrastructure, Data Processing, Web Hosting, & Related"
"64",1996-04-01,8.89999999999998,"CEU5051800001","Computing Infrastructure, Data Processing, Web Hosting, & Related"
"65",1996-05-01,7.90000000000001,"CEU5051800001","Computing Infrastructure, Data Processing, Web Hosting, & Related"
"66",1996-06-01,9.10000000000002,"CEU5051800001","Computing Infrastructure, Data Processing, Web Hosting, & Related"
"67",1996-07-01,7.29999999999998,"CEU5051800001","Computing Infrastructure, Data Processing, Web Hosting, & Related"
"68",1996-08-01,8.40000000000001,"CEU5051800001","Computing Infrastructure, Data Processing, Web Hosting, & Related"
"69",1996-09-01,7.40000000000001,"CEU5051800001","Computing Infrastructure, Data Processing, Web Hosting, & Related"
"70",1996-10-01,8.70000000000002,"CEU5051800001","Computing Infrastructure, Data Processing, Web Hosting, & Related"
"71",1996-11-01,9.70000000000002,"CEU5051800001","Computing Infrastructure, Data Processing, Web Hosting, & Related"
"72",1996-12-01,10.4,"CEU5051800001","Computing Infrastructure, Data Processing, Web Hosting, & Related"
"73",1997-01-01,14.4,"CEU5051800001","Computing Infrastructure, Data Processing, Web Hosting, & Related"
"74",1997-02-01,12.5,"CEU5051800001","Computing Infrastructure, Data Processing, Web Hosting, & Related"
"75",1997-03-01,15.2,"CEU5051800001","Computing Infrastructure, Data Processing, Web Hosting, & Related"
"76",1997-04-01,16.3,"CEU5051800001","Computing Infrastructure, Data Processing, Web Hosting, & Related"
"77",1997-05-01,19.2,"CEU5051800001","Computing Infrastructure, Data Processing, Web Hosting, & Related"
"78",1997-06-01,21.3,"CEU5051800001","Computing Infrastructure, Data Processing, Web Hosting, & Related"
"79",1997-07-01,20.4,"CEU5051800001","Computing Infrastructure, Data Processing, Web Hosting, & Related"
"80",1997-08-01,16.5,"CEU5051800001","Computing Infrastructure, Data Processing, Web Hosting, & Related"
"81",1997-09-01,17,"CEU5051800001","Computing Infrastructure, Data Processing, Web Hosting, & Related"
"82",1997-10-01,16.2,"CEU5051800001","Computing Infrastructure, Data Processing, Web Hosting, & Related"
"83",1997-11-01,14.3,"CEU5051800001","Computing Infrastructure, Data Processing, Web Hosting, & Related"
"84",1997-12-01,13.7,"CEU5051800001","Computing Infrastructure, Data Processing, Web Hosting, & Related"
"85",1998-01-01,10.4,"CEU5051800001","Computing Infrastructure, Data Processing, Web Hosting, & Related"
"86",1998-02-01,9.60000000000002,"CEU5051800001","Computing Infrastructure, Data Processing, Web Hosting, & Related"
"87",1998-03-01,8.60000000000002,"CEU5051800001","Computing Infrastructure, Data Processing, Web Hosting, & Related"
"88",1998-04-01,8.30000000000001,"CEU5051800001","Computing Infrastructure, Data Processing, Web Hosting, & Related"
"89",1998-05-01,10.1,"CEU5051800001","Computing Infrastructure, Data Processing, Web Hosting, & Related"
"90",1998-06-01,11.9,"CEU5051800001","Computing Infrastructure, Data Processing, Web Hosting, & Related"
"91",1998-07-01,14.2,"CEU5051800001","Computing Infrastructure, Data Processing, Web Hosting, & Related"
"92",1998-08-01,15.9,"CEU5051800001","Computing Infrastructure, Data Processing, Web Hosting, & Related"
"93",1998-09-01,17.4,"CEU5051800001","Computing Infrastructure, Data Processing, Web Hosting, & Related"
"94",1998-10-01,20.2,"CEU5051800001","Computing Infrastructure, Data Processing, Web Hosting, & Related"
"95",1998-11-01,22.1,"CEU5051800001","Computing Infrastructure, Data Processing, Web Hosting, & Related"
"96",1998-12-01,23.3,"CEU5051800001","Computing Infrastructure, Data Processing, Web Hosting, & Related"
"97",1999-01-01,26.2,"CEU5051800001","Computing Infrastructure, Data Processing, Web Hosting, & Related"
"98",1999-02-01,28.9,"CEU5051800001","Computing Infrastructure, Data Processing, Web Hosting, & Related"
"99",1999-03-01,29.2,"CEU5051800001","Computing Infrastructure, Data Processing, Web Hosting, & Related"
"100",1999-04-01,30.1,"CEU5051800001","Computing Infrastructure, Data Processing, Web Hosting, & Related"
"101",1999-05-01,27.6,"CEU5051800001","Computing Infrastructure, Data Processing, Web Hosting, & Related"
"102",1999-06-01,25.3,"CEU5051800001","Computing Infrastructure, Data Processing, Web Hosting, & Related"
"103",1999-07-01,25.9,"CEU5051800001","Computing Infrastructure, Data Processing, Web Hosting, & Related"
"104",1999-08-01,25.2,"CEU5051800001","Computing Infrastructure, Data Processing, Web Hosting, & Related"
"105",1999-09-01,23.4,"CEU5051800001","Computing Infrastructure, Data Processing, Web Hosting, & Related"
"106",1999-10-01,19.1,"CEU5051800001","Computing Infrastructure, Data Processing, Web Hosting, & Related"
"107",1999-11-01,17.3,"CEU5051800001","Computing Infrastructure, Data Processing, Web Hosting, & Related"
"108",1999-12-01,14.1,"CEU5051800001","Computing Infrastructure, Data Processing, Web Hosting, & Related"
"109",2000-01-01,15.8,"CEU5051800001","Computing Infrastructure, Data Processing, Web Hosting, & Related"
"110",2000-02-01,11.8,"CEU5051800001","Computing Infrastructure, Data Processing, Web Hosting, & Related"
"111",2000-03-01,11.2,"CEU5051800001","Computing Infrastructure, Data Processing, Web Hosting, & Related"
"112",2000-04-01,12.2,"CEU5051800001","Computing Infrastructure, Data Processing, Web Hosting, & Related"
"113",2000-05-01,8.20000000000005,"CEU5051800001","Computing Infrastructure, Data Processing, Web Hosting, & Related"
"114",2000-06-01,8.5,"CEU5051800001","Computing Infrastructure, Data Processing, Web Hosting, & Related"
"115",2000-07-01,5.69999999999999,"CEU5051800001","Computing Infrastructure, Data Processing, Web Hosting, & Related"
"116",2000-08-01,6,"CEU5051800001","Computing Infrastructure, Data Processing, Web Hosting, & Related"
"117",2000-09-01,4.5,"CEU5051800001","Computing Infrastructure, Data Processing, Web Hosting, & Related"
"118",2000-10-01,5.59999999999997,"CEU5051800001","Computing Infrastructure, Data Processing, Web Hosting, & Related"
"119",2000-11-01,7.30000000000001,"CEU5051800001","Computing Infrastructure, Data Processing, Web Hosting, & Related"
"120",2000-12-01,6.5,"CEU5051800001","Computing Infrastructure, Data Processing, Web Hosting, & Related"
"121",2001-01-01,5.79999999999995,"CEU5051800001","Computing Infrastructure, Data Processing, Web Hosting, & Related"
"122",2001-02-01,6.39999999999998,"CEU5051800001","Computing Infrastructure, Data Processing, Web Hosting, & Related"
"123",2001-03-01,7.70000000000005,"CEU5051800001","Computing Infrastructure, Data Processing, Web Hosting, & Related"
"124",2001-04-01,1.59999999999997,"CEU5051800001","Computing Infrastructure, Data Processing, Web Hosting, & Related"
"125",2001-05-01,3.69999999999999,"CEU5051800001","Computing Infrastructure, Data Processing, Web Hosting, & Related"
"126",2001-06-01,0.300000000000011,"CEU5051800001","Computing Infrastructure, Data Processing, Web Hosting, & Related"
"127",2001-07-01,2,"CEU5051800001","Computing Infrastructure, Data Processing, Web Hosting, & Related"
"128",2001-08-01,0.400000000000034,"CEU5051800001","Computing Infrastructure, Data Processing, Web Hosting, & Related"
"129",2001-09-01,1,"CEU5051800001","Computing Infrastructure, Data Processing, Web Hosting, & Related"
"130",2001-10-01,-1.29999999999995,"CEU5051800001","Computing Infrastructure, Data Processing, Web Hosting, & Related"
"131",2001-11-01,-8.19999999999999,"CEU5051800001","Computing Infrastructure, Data Processing, Web Hosting, & Related"
"132",2001-12-01,-6.5,"CEU5051800001","Computing Infrastructure, Data Processing, Web Hosting, & Related"
"133",2002-01-01,-7.69999999999999,"CEU5051800001","Computing Infrastructure, Data Processing, Web Hosting, & Related"
"134",2002-02-01,-8.69999999999999,"CEU5051800001","Computing Infrastructure, Data Processing, Web Hosting, & Related"
"135",2002-03-01,-13.3,"CEU5051800001","Computing Infrastructure, Data Processing, Web Hosting, & Related"
"136",2002-04-01,-10.9,"CEU5051800001","Computing Infrastructure, Data Processing, Web Hosting, & Related"
"137",2002-05-01,-12.8,"CEU5051800001","Computing Infrastructure, Data Processing, Web Hosting, & Related"
"138",2002-06-01,-12.7,"CEU5051800001","Computing Infrastructure, Data Processing, Web Hosting, & Related"
"139",2002-07-01,-14.7,"CEU5051800001","Computing Infrastructure, Data Processing, Web Hosting, & Related"
"140",2002-08-01,-13.2,"CEU5051800001","Computing Infrastructure, Data Processing, Web Hosting, & Related"
"141",2002-09-01,-14.6,"CEU5051800001","Computing Infrastructure, Data Processing, Web Hosting, & Related"
"142",2002-10-01,-13.4,"CEU5051800001","Computing Infrastructure, Data Processing, Web Hosting, & Related"
"143",2002-11-01,-14.6,"CEU5051800001","Computing Infrastructure, Data Processing, Web Hosting, & Related"
"144",2002-12-01,-17.8,"CEU5051800001","Computing Infrastructure, Data Processing, Web Hosting, & Related"
"145",2003-01-01,-25.4,"CEU5051800001","Computing Infrastructure, Data Processing, Web Hosting, & Related"
"146",2003-02-01,-24.9,"CEU5051800001","Computing Infrastructure, Data Processing, Web Hosting, & Related"
"147",2003-03-01,-22.9,"CEU5051800001","Computing Infrastructure, Data Processing, Web Hosting, & Related"
"148",2003-04-01,-23.1,"CEU5051800001","Computing Infrastructure, Data Processing, Web Hosting, & Related"
"149",2003-05-01,-22.6,"CEU5051800001","Computing Infrastructure, Data Processing, Web Hosting, & Related"
"150",2003-06-01,-22.8,"CEU5051800001","Computing Infrastructure, Data Processing, Web Hosting, & Related"
"151",2003-07-01,-22.2,"CEU5051800001","Computing Infrastructure, Data Processing, Web Hosting, & Related"
"152",2003-08-01,-24.9,"CEU5051800001","Computing Infrastructure, Data Processing, Web Hosting, & Related"
"153",2003-09-01,-25.8,"CEU5051800001","Computing Infrastructure, Data Processing, Web Hosting, & Related"
"154",2003-10-01,-26.4,"CEU5051800001","Computing Infrastructure, Data Processing, Web Hosting, & Related"
"155",2003-11-01,-23.4,"CEU5051800001","Computing Infrastructure, Data Processing, Web Hosting, & Related"
"156",2003-12-01,-22.6,"CEU5051800001","Computing Infrastructure, Data Processing, Web Hosting, & Related"
"157",2004-01-01,-21.2,"CEU5051800001","Computing Infrastructure, Data Processing, Web Hosting, & Related"
"158",2004-02-01,-19.5,"CEU5051800001","Computing Infrastructure, Data Processing, Web Hosting, & Related"
"159",2004-03-01,-17.5,"CEU5051800001","Computing Infrastructure, Data Processing, Web Hosting, & Related"
"160",2004-04-01,-16.2,"CEU5051800001","Computing Infrastructure, Data Processing, Web Hosting, & Related"
"161",2004-05-01,-14,"CEU5051800001","Computing Infrastructure, Data Processing, Web Hosting, & Related"
"162",2004-06-01,-11,"CEU5051800001","Computing Infrastructure, Data Processing, Web Hosting, & Related"
"163",2004-07-01,-11.5,"CEU5051800001","Computing Infrastructure, Data Processing, Web Hosting, & Related"
"164",2004-08-01,-12.9,"CEU5051800001","Computing Infrastructure, Data Processing, Web Hosting, & Related"
"165",2004-09-01,-9.39999999999998,"CEU5051800001","Computing Infrastructure, Data Processing, Web Hosting, & Related"
"166",2004-10-01,-8.60000000000002,"CEU5051800001","Computing Infrastructure, Data Processing, Web Hosting, & Related"
"167",2004-11-01,-6.5,"CEU5051800001","Computing Infrastructure, Data Processing, Web Hosting, & Related"
"168",2004-12-01,-6.69999999999999,"CEU5051800001","Computing Infrastructure, Data Processing, Web Hosting, & Related"
"169",2005-01-01,-2,"CEU5051800001","Computing Infrastructure, Data Processing, Web Hosting, & Related"
"170",2005-02-01,-3.20000000000005,"CEU5051800001","Computing Infrastructure, Data Processing, Web Hosting, & Related"
"171",2005-03-01,-3.89999999999998,"CEU5051800001","Computing Infrastructure, Data Processing, Web Hosting, & Related"
"172",2005-04-01,-5,"CEU5051800001","Computing Infrastructure, Data Processing, Web Hosting, & Related"
"173",2005-05-01,-5.59999999999997,"CEU5051800001","Computing Infrastructure, Data Processing, Web Hosting, & Related"
"174",2005-06-01,-7,"CEU5051800001","Computing Infrastructure, Data Processing, Web Hosting, & Related"
"175",2005-07-01,-8.79999999999995,"CEU5051800001","Computing Infrastructure, Data Processing, Web Hosting, & Related"
"176",2005-08-01,-4.40000000000003,"CEU5051800001","Computing Infrastructure, Data Processing, Web Hosting, & Related"
"177",2005-09-01,-5.30000000000001,"CEU5051800001","Computing Infrastructure, Data Processing, Web Hosting, & Related"
"178",2005-10-01,-3.09999999999997,"CEU5051800001","Computing Infrastructure, Data Processing, Web Hosting, & Related"
"179",2005-11-01,-4,"CEU5051800001","Computing Infrastructure, Data Processing, Web Hosting, & Related"
"180",2005-12-01,-2.69999999999999,"CEU5051800001","Computing Infrastructure, Data Processing, Web Hosting, & Related"
"181",2006-01-01,-3.20000000000005,"CEU5051800001","Computing Infrastructure, Data Processing, Web Hosting, & Related"
"182",2006-02-01,-1.39999999999998,"CEU5051800001","Computing Infrastructure, Data Processing, Web Hosting, & Related"
"183",2006-03-01,0.300000000000011,"CEU5051800001","Computing Infrastructure, Data Processing, Web Hosting, & Related"
"184",2006-04-01,-1.89999999999998,"CEU5051800001","Computing Infrastructure, Data Processing, Web Hosting, & Related"
"185",2006-05-01,-1.10000000000002,"CEU5051800001","Computing Infrastructure, Data Processing, Web Hosting, & Related"
"186",2006-06-01,3,"CEU5051800001","Computing Infrastructure, Data Processing, Web Hosting, & Related"
"187",2006-07-01,1.59999999999997,"CEU5051800001","Computing Infrastructure, Data Processing, Web Hosting, & Related"
"188",2006-08-01,0.900000000000034,"CEU5051800001","Computing Infrastructure, Data Processing, Web Hosting, & Related"
"189",2006-09-01,2.69999999999999,"CEU5051800001","Computing Infrastructure, Data Processing, Web Hosting, & Related"
"190",2006-10-01,0.599999999999966,"CEU5051800001","Computing Infrastructure, Data Processing, Web Hosting, & Related"
"191",2006-11-01,4.29999999999995,"CEU5051800001","Computing Infrastructure, Data Processing, Web Hosting, & Related"
"192",2006-12-01,2.5,"CEU5051800001","Computing Infrastructure, Data Processing, Web Hosting, & Related"
"193",2007-01-01,1.20000000000005,"CEU5051800001","Computing Infrastructure, Data Processing, Web Hosting, & Related"
"194",2007-02-01,2,"CEU5051800001","Computing Infrastructure, Data Processing, Web Hosting, & Related"
"195",2007-03-01,2.59999999999997,"CEU5051800001","Computing Infrastructure, Data Processing, Web Hosting, & Related"
"196",2007-04-01,6.69999999999999,"CEU5051800001","Computing Infrastructure, Data Processing, Web Hosting, & Related"
"197",2007-05-01,8.90000000000003,"CEU5051800001","Computing Infrastructure, Data Processing, Web Hosting, & Related"
"198",2007-06-01,4.09999999999997,"CEU5051800001","Computing Infrastructure, Data Processing, Web Hosting, & Related"
"199",2007-07-01,9,"CEU5051800001","Computing Infrastructure, Data Processing, Web Hosting, & Related"
"200",2007-08-01,6.80000000000001,"CEU5051800001","Computing Infrastructure, Data Processing, Web Hosting, & Related"
"201",2007-09-01,5.60000000000002,"CEU5051800001","Computing Infrastructure, Data Processing, Web Hosting, & Related"
"202",2007-10-01,4.60000000000002,"CEU5051800001","Computing Infrastructure, Data Processing, Web Hosting, & Related"
"203",2007-11-01,0.900000000000034,"CEU5051800001","Computing Infrastructure, Data Processing, Web Hosting, & Related"
"204",2007-12-01,2.19999999999999,"CEU5051800001","Computing Infrastructure, Data Processing, Web Hosting, & Related"
"205",2008-01-01,1.59999999999997,"CEU5051800001","Computing Infrastructure, Data Processing, Web Hosting, & Related"
"206",2008-02-01,1.39999999999998,"CEU5051800001","Computing Infrastructure, Data Processing, Web Hosting, & Related"
"207",2008-03-01,-3.69999999999999,"CEU5051800001","Computing Infrastructure, Data Processing, Web Hosting, & Related"
"208",2008-04-01,-5.19999999999999,"CEU5051800001","Computing Infrastructure, Data Processing, Web Hosting, & Related"
"209",2008-05-01,-5.70000000000005,"CEU5051800001","Computing Infrastructure, Data Processing, Web Hosting, & Related"
"210",2008-06-01,-7.89999999999998,"CEU5051800001","Computing Infrastructure, Data Processing, Web Hosting, & Related"
"211",2008-07-01,-12,"CEU5051800001","Computing Infrastructure, Data Processing, Web Hosting, & Related"
"212",2008-08-01,-10.7,"CEU5051800001","Computing Infrastructure, Data Processing, Web Hosting, & Related"
"213",2008-09-01,-10.7,"CEU5051800001","Computing Infrastructure, Data Processing, Web Hosting, & Related"
"214",2008-10-01,-10.8,"CEU5051800001","Computing Infrastructure, Data Processing, Web Hosting, & Related"
"215",2008-11-01,-12.5,"CEU5051800001","Computing Infrastructure, Data Processing, Web Hosting, & Related"
"216",2008-12-01,-13.6,"CEU5051800001","Computing Infrastructure, Data Processing, Web Hosting, & Related"
"217",2009-01-01,-14.4,"CEU5051800001","Computing Infrastructure, Data Processing, Web Hosting, & Related"
"218",2009-02-01,-16.8,"CEU5051800001","Computing Infrastructure, Data Processing, Web Hosting, & Related"
"219",2009-03-01,-13.9,"CEU5051800001","Computing Infrastructure, Data Processing, Web Hosting, & Related"
"220",2009-04-01,-12.1,"CEU5051800001","Computing Infrastructure, Data Processing, Web Hosting, & Related"
"221",2009-05-01,-15.7,"CEU5051800001","Computing Infrastructure, Data Processing, Web Hosting, & Related"
"222",2009-06-01,-12.9,"CEU5051800001","Computing Infrastructure, Data Processing, Web Hosting, & Related"
"223",2009-07-01,-10.9,"CEU5051800001","Computing Infrastructure, Data Processing, Web Hosting, & Related"
"224",2009-08-01,-8.99999999999997,"CEU5051800001","Computing Infrastructure, Data Processing, Web Hosting, & Related"
"225",2009-09-01,-9.20000000000002,"CEU5051800001","Computing Infrastructure, Data Processing, Web Hosting, & Related"
"226",2009-10-01,-10.3,"CEU5051800001","Computing Infrastructure, Data Processing, Web Hosting, & Related"
"227",2009-11-01,-10,"CEU5051800001","Computing Infrastructure, Data Processing, Web Hosting, & Related"
"228",2009-12-01,-6.69999999999999,"CEU5051800001","Computing Infrastructure, Data Processing, Web Hosting, & Related"
"229",2010-01-01,-6.90000000000001,"CEU5051800001","Computing Infrastructure, Data Processing, Web Hosting, & Related"
"230",2010-02-01,-5,"CEU5051800001","Computing Infrastructure, Data Processing, Web Hosting, & Related"
"231",2010-03-01,-7.20000000000002,"CEU5051800001","Computing Infrastructure, Data Processing, Web Hosting, & Related"
"232",2010-04-01,-6.5,"CEU5051800001","Computing Infrastructure, Data Processing, Web Hosting, & Related"
"233",2010-05-01,-5.89999999999998,"CEU5051800001","Computing Infrastructure, Data Processing, Web Hosting, & Related"
"234",2010-06-01,-6.20000000000002,"CEU5051800001","Computing Infrastructure, Data Processing, Web Hosting, & Related"
"235",2010-07-01,-5.5,"CEU5051800001","Computing Infrastructure, Data Processing, Web Hosting, & Related"
"236",2010-08-01,-8.09999999999999,"CEU5051800001","Computing Infrastructure, Data Processing, Web Hosting, & Related"
"237",2010-09-01,-6.19999999999999,"CEU5051800001","Computing Infrastructure, Data Processing, Web Hosting, & Related"
"238",2010-10-01,-3.59999999999999,"CEU5051800001","Computing Infrastructure, Data Processing, Web Hosting, & Related"
"239",2010-11-01,-2.5,"CEU5051800001","Computing Infrastructure, Data Processing, Web Hosting, & Related"
"240",2010-12-01,-2.20000000000002,"CEU5051800001","Computing Infrastructure, Data Processing, Web Hosting, & Related"
"241",2011-01-01,-1.40000000000001,"CEU5051800001","Computing Infrastructure, Data Processing, Web Hosting, & Related"
"242",2011-02-01,-2.40000000000001,"CEU5051800001","Computing Infrastructure, Data Processing, Web Hosting, & Related"
"243",2011-03-01,0.0999999999999943,"CEU5051800001","Computing Infrastructure, Data Processing, Web Hosting, & Related"
"244",2011-04-01,0.199999999999989,"CEU5051800001","Computing Infrastructure, Data Processing, Web Hosting, & Related"
"245",2011-05-01,3,"CEU5051800001","Computing Infrastructure, Data Processing, Web Hosting, & Related"
"246",2011-06-01,3.20000000000002,"CEU5051800001","Computing Infrastructure, Data Processing, Web Hosting, & Related"
"247",2011-07-01,3.39999999999998,"CEU5051800001","Computing Infrastructure, Data Processing, Web Hosting, & Related"
"248",2011-08-01,5.09999999999999,"CEU5051800001","Computing Infrastructure, Data Processing, Web Hosting, & Related"
"249",2011-09-01,4.29999999999998,"CEU5051800001","Computing Infrastructure, Data Processing, Web Hosting, & Related"
"250",2011-10-01,5.20000000000002,"CEU5051800001","Computing Infrastructure, Data Processing, Web Hosting, & Related"
"251",2011-11-01,7.89999999999998,"CEU5051800001","Computing Infrastructure, Data Processing, Web Hosting, & Related"
"252",2011-12-01,5.80000000000001,"CEU5051800001","Computing Infrastructure, Data Processing, Web Hosting, & Related"
"253",2012-01-01,5.40000000000001,"CEU5051800001","Computing Infrastructure, Data Processing, Web Hosting, & Related"
"254",2012-02-01,7.5,"CEU5051800001","Computing Infrastructure, Data Processing, Web Hosting, & Related"
"255",2012-03-01,7.90000000000001,"CEU5051800001","Computing Infrastructure, Data Processing, Web Hosting, & Related"
"256",2012-04-01,6.20000000000002,"CEU5051800001","Computing Infrastructure, Data Processing, Web Hosting, & Related"
"257",2012-05-01,6.89999999999998,"CEU5051800001","Computing Infrastructure, Data Processing, Web Hosting, & Related"
"258",2012-06-01,8.29999999999998,"CEU5051800001","Computing Infrastructure, Data Processing, Web Hosting, & Related"
"259",2012-07-01,9.40000000000001,"CEU5051800001","Computing Infrastructure, Data Processing, Web Hosting, & Related"
"260",2012-08-01,12.5,"CEU5051800001","Computing Infrastructure, Data Processing, Web Hosting, & Related"
"261",2012-09-01,10.3,"CEU5051800001","Computing Infrastructure, Data Processing, Web Hosting, & Related"
"262",2012-10-01,11.5,"CEU5051800001","Computing Infrastructure, Data Processing, Web Hosting, & Related"
"263",2012-11-01,9.60000000000002,"CEU5051800001","Computing Infrastructure, Data Processing, Web Hosting, & Related"
"264",2012-12-01,13.2,"CEU5051800001","Computing Infrastructure, Data Processing, Web Hosting, & Related"
"265",2013-01-01,17.1,"CEU5051800001","Computing Infrastructure, Data Processing, Web Hosting, & Related"
"266",2013-02-01,15.6,"CEU5051800001","Computing Infrastructure, Data Processing, Web Hosting, & Related"
"267",2013-03-01,13.4,"CEU5051800001","Computing Infrastructure, Data Processing, Web Hosting, & Related"
"268",2013-04-01,14.2,"CEU5051800001","Computing Infrastructure, Data Processing, Web Hosting, & Related"
"269",2013-05-01,14.3,"CEU5051800001","Computing Infrastructure, Data Processing, Web Hosting, & Related"
"270",2013-06-01,16,"CEU5051800001","Computing Infrastructure, Data Processing, Web Hosting, & Related"
"271",2013-07-01,17,"CEU5051800001","Computing Infrastructure, Data Processing, Web Hosting, & Related"
"272",2013-08-01,15,"CEU5051800001","Computing Infrastructure, Data Processing, Web Hosting, & Related"
"273",2013-09-01,15.9,"CEU5051800001","Computing Infrastructure, Data Processing, Web Hosting, & Related"
"274",2013-10-01,13.6,"CEU5051800001","Computing Infrastructure, Data Processing, Web Hosting, & Related"
"275",2013-11-01,12.3,"CEU5051800001","Computing Infrastructure, Data Processing, Web Hosting, & Related"
"276",2013-12-01,12.3,"CEU5051800001","Computing Infrastructure, Data Processing, Web Hosting, & Related"
"277",2014-01-01,10.1,"CEU5051800001","Computing Infrastructure, Data Processing, Web Hosting, & Related"
"278",2014-02-01,9,"CEU5051800001","Computing Infrastructure, Data Processing, Web Hosting, & Related"
"279",2014-03-01,9.39999999999998,"CEU5051800001","Computing Infrastructure, Data Processing, Web Hosting, & Related"
"280",2014-04-01,9.39999999999998,"CEU5051800001","Computing Infrastructure, Data Processing, Web Hosting, & Related"
"281",2014-05-01,7,"CEU5051800001","Computing Infrastructure, Data Processing, Web Hosting, & Related"
"282",2014-06-01,6.60000000000002,"CEU5051800001","Computing Infrastructure, Data Processing, Web Hosting, & Related"
"283",2014-07-01,8.5,"CEU5051800001","Computing Infrastructure, Data Processing, Web Hosting, & Related"
"284",2014-08-01,9.60000000000002,"CEU5051800001","Computing Infrastructure, Data Processing, Web Hosting, & Related"
"285",2014-09-01,10.2,"CEU5051800001","Computing Infrastructure, Data Processing, Web Hosting, & Related"
"286",2014-10-01,12.2,"CEU5051800001","Computing Infrastructure, Data Processing, Web Hosting, & Related"
"287",2014-11-01,14,"CEU5051800001","Computing Infrastructure, Data Processing, Web Hosting, & Related"
"288",2014-12-01,12.4,"CEU5051800001","Computing Infrastructure, Data Processing, Web Hosting, & Related"
"289",2015-01-01,16.6,"CEU5051800001","Computing Infrastructure, Data Processing, Web Hosting, & Related"
"290",2015-02-01,17.5,"CEU5051800001","Computing Infrastructure, Data Processing, Web Hosting, & Related"
"291",2015-03-01,17.9,"CEU5051800001","Computing Infrastructure, Data Processing, Web Hosting, & Related"
"292",2015-04-01,18.2,"CEU5051800001","Computing Infrastructure, Data Processing, Web Hosting, & Related"
"293",2015-05-01,20.7,"CEU5051800001","Computing Infrastructure, Data Processing, Web Hosting, & Related"
"294",2015-06-01,19.9,"CEU5051800001","Computing Infrastructure, Data Processing, Web Hosting, & Related"
"295",2015-07-01,17.9,"CEU5051800001","Computing Infrastructure, Data Processing, Web Hosting, & Related"
"296",2015-08-01,15.8,"CEU5051800001","Computing Infrastructure, Data Processing, Web Hosting, & Related"
"297",2015-09-01,16.7,"CEU5051800001","Computing Infrastructure, Data Processing, Web Hosting, & Related"
"298",2015-10-01,13.7,"CEU5051800001","Computing Infrastructure, Data Processing, Web Hosting, & Related"
"299",2015-11-01,14.6,"CEU5051800001","Computing Infrastructure, Data Processing, Web Hosting, & Related"
"300",2015-12-01,11.5,"CEU5051800001","Computing Infrastructure, Data Processing, Web Hosting, & Related"
"301",2016-01-01,5.19999999999999,"CEU5051800001","Computing Infrastructure, Data Processing, Web Hosting, & Related"
"302",2016-02-01,5.30000000000001,"CEU5051800001","Computing Infrastructure, Data Processing, Web Hosting, & Related"
"303",2016-03-01,4.80000000000001,"CEU5051800001","Computing Infrastructure, Data Processing, Web Hosting, & Related"
"304",2016-04-01,6.69999999999999,"CEU5051800001","Computing Infrastructure, Data Processing, Web Hosting, & Related"
"305",2016-05-01,4,"CEU5051800001","Computing Infrastructure, Data Processing, Web Hosting, & Related"
"306",2016-06-01,7.5,"CEU5051800001","Computing Infrastructure, Data Processing, Web Hosting, & Related"
"307",2016-07-01,7.19999999999999,"CEU5051800001","Computing Infrastructure, Data Processing, Web Hosting, & Related"
"308",2016-08-01,8.80000000000001,"CEU5051800001","Computing Infrastructure, Data Processing, Web Hosting, & Related"
"309",2016-09-01,9.30000000000001,"CEU5051800001","Computing Infrastructure, Data Processing, Web Hosting, & Related"
"310",2016-10-01,11.5,"CEU5051800001","Computing Infrastructure, Data Processing, Web Hosting, & Related"
"311",2016-11-01,7,"CEU5051800001","Computing Infrastructure, Data Processing, Web Hosting, & Related"
"312",2016-12-01,14.2,"CEU5051800001","Computing Infrastructure, Data Processing, Web Hosting, & Related"
"313",2017-01-01,16,"CEU5051800001","Computing Infrastructure, Data Processing, Web Hosting, & Related"
"314",2017-02-01,15.4,"CEU5051800001","Computing Infrastructure, Data Processing, Web Hosting, & Related"
"315",2017-03-01,15.5,"CEU5051800001","Computing Infrastructure, Data Processing, Web Hosting, & Related"
"316",2017-04-01,12.6,"CEU5051800001","Computing Infrastructure, Data Processing, Web Hosting, & Related"
"317",2017-05-01,16.4,"CEU5051800001","Computing Infrastructure, Data Processing, Web Hosting, & Related"
"318",2017-06-01,15.2,"CEU5051800001","Computing Infrastructure, Data Processing, Web Hosting, & Related"
"319",2017-07-01,16.3,"CEU5051800001","Computing Infrastructure, Data Processing, Web Hosting, & Related"
"320",2017-08-01,13.7,"CEU5051800001","Computing Infrastructure, Data Processing, Web Hosting, & Related"
"321",2017-09-01,12.5,"CEU5051800001","Computing Infrastructure, Data Processing, Web Hosting, & Related"
"322",2017-10-01,12.9,"CEU5051800001","Computing Infrastructure, Data Processing, Web Hosting, & Related"
"323",2017-11-01,14.6,"CEU5051800001","Computing Infrastructure, Data Processing, Web Hosting, & Related"
"324",2017-12-01,8.59999999999997,"CEU5051800001","Computing Infrastructure, Data Processing, Web Hosting, & Related"
"325",2018-01-01,11.6,"CEU5051800001","Computing Infrastructure, Data Processing, Web Hosting, & Related"
"326",2018-02-01,16.1,"CEU5051800001","Computing Infrastructure, Data Processing, Web Hosting, & Related"
"327",2018-03-01,16.5,"CEU5051800001","Computing Infrastructure, Data Processing, Web Hosting, & Related"
"328",2018-04-01,16.1,"CEU5051800001","Computing Infrastructure, Data Processing, Web Hosting, & Related"
"329",2018-05-01,15.1,"CEU5051800001","Computing Infrastructure, Data Processing, Web Hosting, & Related"
"330",2018-06-01,15.2,"CEU5051800001","Computing Infrastructure, Data Processing, Web Hosting, & Related"
"331",2018-07-01,11.5,"CEU5051800001","Computing Infrastructure, Data Processing, Web Hosting, & Related"
"332",2018-08-01,11.4,"CEU5051800001","Computing Infrastructure, Data Processing, Web Hosting, & Related"
"333",2018-09-01,11.2,"CEU5051800001","Computing Infrastructure, Data Processing, Web Hosting, & Related"
"334",2018-10-01,11.3,"CEU5051800001","Computing Infrastructure, Data Processing, Web Hosting, & Related"
"335",2018-11-01,10.9,"CEU5051800001","Computing Infrastructure, Data Processing, Web Hosting, & Related"
"336",2018-12-01,9.30000000000001,"CEU5051800001","Computing Infrastructure, Data Processing, Web Hosting, & Related"
"337",2019-01-01,6.60000000000002,"CEU5051800001","Computing Infrastructure, Data Processing, Web Hosting, & Related"
"338",2019-02-01,6.89999999999998,"CEU5051800001","Computing Infrastructure, Data Processing, Web Hosting, & Related"
"339",2019-03-01,7.19999999999999,"CEU5051800001","Computing Infrastructure, Data Processing, Web Hosting, & Related"
"340",2019-04-01,5.79999999999995,"CEU5051800001","Computing Infrastructure, Data Processing, Web Hosting, & Related"
"341",2019-05-01,4.69999999999999,"CEU5051800001","Computing Infrastructure, Data Processing, Web Hosting, & Related"
"342",2019-06-01,4.19999999999999,"CEU5051800001","Computing Infrastructure, Data Processing, Web Hosting, & Related"
"343",2019-07-01,14,"CEU5051800001","Computing Infrastructure, Data Processing, Web Hosting, & Related"
"344",2019-08-01,17.4,"CEU5051800001","Computing Infrastructure, Data Processing, Web Hosting, & Related"
"345",2019-09-01,17.1,"CEU5051800001","Computing Infrastructure, Data Processing, Web Hosting, & Related"
"346",2019-10-01,18.3,"CEU5051800001","Computing Infrastructure, Data Processing, Web Hosting, & Related"
"347",2019-11-01,20.5,"CEU5051800001","Computing Infrastructure, Data Processing, Web Hosting, & Related"
"348",2019-12-01,23.8,"CEU5051800001","Computing Infrastructure, Data Processing, Web Hosting, & Related"
"349",2020-01-01,31.3,"CEU5051800001","Computing Infrastructure, Data Processing, Web Hosting, & Related"
"350",2020-02-01,27.8,"CEU5051800001","Computing Infrastructure, Data Processing, Web Hosting, & Related"
"351",2020-03-01,26.6,"CEU5051800001","Computing Infrastructure, Data Processing, Web Hosting, & Related"
"352",2020-04-01,25.4,"CEU5051800001","Computing Infrastructure, Data Processing, Web Hosting, & Related"
"353",2020-05-01,19.9,"CEU5051800001","Computing Infrastructure, Data Processing, Web Hosting, & Related"
"354",2020-06-01,22.7,"CEU5051800001","Computing Infrastructure, Data Processing, Web Hosting, & Related"
"355",2020-07-01,15,"CEU5051800001","Computing Infrastructure, Data Processing, Web Hosting, & Related"
"356",2020-08-01,8.39999999999998,"CEU5051800001","Computing Infrastructure, Data Processing, Web Hosting, & Related"
"357",2020-09-01,9.70000000000005,"CEU5051800001","Computing Infrastructure, Data Processing, Web Hosting, & Related"
"358",2020-10-01,10.5,"CEU5051800001","Computing Infrastructure, Data Processing, Web Hosting, & Related"
"359",2020-11-01,11.9,"CEU5051800001","Computing Infrastructure, Data Processing, Web Hosting, & Related"
"360",2020-12-01,12.5,"CEU5051800001","Computing Infrastructure, Data Processing, Web Hosting, & Related"
"361",2021-01-01,6.20000000000005,"CEU5051800001","Computing Infrastructure, Data Processing, Web Hosting, & Related"
"362",2021-02-01,10.1,"CEU5051800001","Computing Infrastructure, Data Processing, Web Hosting, & Related"
"363",2021-03-01,12.2,"CEU5051800001","Computing Infrastructure, Data Processing, Web Hosting, & Related"
"364",2021-04-01,27.1,"CEU5051800001","Computing Infrastructure, Data Processing, Web Hosting, & Related"
"365",2021-05-01,30.1,"CEU5051800001","Computing Infrastructure, Data Processing, Web Hosting, & Related"
"366",2021-06-01,37.8,"CEU5051800001","Computing Infrastructure, Data Processing, Web Hosting, & Related"
"367",2021-07-01,40.4,"CEU5051800001","Computing Infrastructure, Data Processing, Web Hosting, & Related"
"368",2021-08-01,56.1,"CEU5051800001","Computing Infrastructure, Data Processing, Web Hosting, & Related"
"369",2021-09-01,62.5,"CEU5051800001","Computing Infrastructure, Data Processing, Web Hosting, & Related"
"370",2021-10-01,64.3,"CEU5051800001","Computing Infrastructure, Data Processing, Web Hosting, & Related"
"371",2021-11-01,64.5,"CEU5051800001","Computing Infrastructure, Data Processing, Web Hosting, & Related"
"372",2021-12-01,69.1,"CEU5051800001","Computing Infrastructure, Data Processing, Web Hosting, & Related"
"373",2022-01-01,74,"CEU5051800001","Computing Infrastructure, Data Processing, Web Hosting, & Related"
"374",2022-02-01,73.3,"CEU5051800001","Computing Infrastructure, Data Processing, Web Hosting, & Related"
"375",2022-03-01,73.3,"CEU5051800001","Computing Infrastructure, Data Processing, Web Hosting, & Related"
"376",2022-04-01,69.2,"CEU5051800001","Computing Infrastructure, Data Processing, Web Hosting, & Related"
"377",2022-05-01,73.1,"CEU5051800001","Computing Infrastructure, Data Processing, Web Hosting, & Related"
"378",2022-06-01,66.8,"CEU5051800001","Computing Infrastructure, Data Processing, Web Hosting, & Related"
"379",2022-07-01,68.8,"CEU5051800001","Computing Infrastructure, Data Processing, Web Hosting, & Related"
"380",2022-08-01,61,"CEU5051800001","Computing Infrastructure, Data Processing, Web Hosting, & Related"
"381",2022-09-01,58.6,"CEU5051800001","Computing Infrastructure, Data Processing, Web Hosting, & Related"
"382",2022-10-01,54.1,"CEU5051800001","Computing Infrastructure, Data Processing, Web Hosting, & Related"
"383",2022-11-01,50.3,"CEU5051800001","Computing Infrastructure, Data Processing, Web Hosting, & Related"
"384",2022-12-01,52.6,"CEU5051800001","Computing Infrastructure, Data Processing, Web Hosting, & Related"
"385",2023-01-01,43.8,"CEU5051800001","Computing Infrastructure, Data Processing, Web Hosting, & Related"
"386",2023-02-01,37.7,"CEU5051800001","Computing Infrastructure, Data Processing, Web Hosting, & Related"
"387",2023-03-01,34.3,"CEU5051800001","Computing Infrastructure, Data Processing, Web Hosting, & Related"
"388",2023-04-01,27,"CEU5051800001","Computing Infrastructure, Data Processing, Web Hosting, & Related"
"389",2023-05-01,24,"CEU5051800001","Computing Infrastructure, Data Processing, Web Hosting, & Related"
"390",2023-06-01,21.3,"CEU5051800001","Computing Infrastructure, Data Processing, Web Hosting, & Related"
"391",2023-07-01,19.8,"CEU5051800001","Computing Infrastructure, Data Processing, Web Hosting, & Related"
"392",2023-08-01,15.7,"CEU5051800001","Computing Infrastructure, Data Processing, Web Hosting, & Related"
"393",2023-09-01,6.10000000000002,"CEU5051800001","Computing Infrastructure, Data Processing, Web Hosting, & Related"
"394",2023-10-01,2,"CEU5051800001","Computing Infrastructure, Data Processing, Web Hosting, & Related"
"395",2023-11-01,1.80000000000001,"CEU5051800001","Computing Infrastructure, Data Processing, Web Hosting, & Related"
"396",2023-12-01,-4.39999999999998,"CEU5051800001","Computing Infrastructure, Data Processing, Web Hosting, & Related"
"397",2024-01-01,-1.19999999999999,"CEU5051800001","Computing Infrastructure, Data Processing, Web Hosting, & Related"
"398",2024-02-01,-0.899999999999977,"CEU5051800001","Computing Infrastructure, Data Processing, Web Hosting, & Related"
"399",2024-03-01,-0.5,"CEU5051800001","Computing Infrastructure, Data Processing, Web Hosting, & Related"
"400",2024-04-01,-1.70000000000005,"CEU5051800001","Computing Infrastructure, Data Processing, Web Hosting, & Related"
"401",2024-05-01,-3.5,"CEU5051800001","Computing Infrastructure, Data Processing, Web Hosting, & Related"
"402",2024-06-01,-5.79999999999995,"CEU5051800001","Computing Infrastructure, Data Processing, Web Hosting, & Related"
"403",2024-07-01,-8.19999999999999,"CEU5051800001","Computing Infrastructure, Data Processing, Web Hosting, & Related"
"404",2024-08-01,-7.40000000000003,"CEU5051800001","Computing Infrastructure, Data Processing, Web Hosting, & Related"
"405",2024-09-01,-5.90000000000003,"CEU5051800001","Computing Infrastructure, Data Processing, Web Hosting, & Related"
"406",2024-10-01,-5.69999999999999,"CEU5051800001","Computing Infrastructure, Data Processing, Web Hosting, & Related"
"407",2024-11-01,-5.39999999999998,"CEU5051800001","Computing Infrastructure, Data Processing, Web Hosting, & Related"
"408",2024-12-01,-3.30000000000001,"CEU5051800001","Computing Infrastructure, Data Processing, Web Hosting, & Related"
"409",2025-01-01,-1.19999999999999,"CEU5051800001","Computing Infrastructure, Data Processing, Web Hosting, & Related"
"410",2025-02-01,0,"CEU5051800001","Computing Infrastructure, Data Processing, Web Hosting, & Related"
"411",2025-03-01,0.600000000000023,"CEU5051800001","Computing Infrastructure, Data Processing, Web Hosting, & Related"
"412",2025-04-01,-1.89999999999998,"CEU5051800001","Computing Infrastructure, Data Processing, Web Hosting, & Related"
"413",2025-05-01,-0.5,"CEU5051800001","Computing Infrastructure, Data Processing, Web Hosting, & Related"
"414",2025-06-01,-0.300000000000011,"CEU5051800001","Computing Infrastructure, Data Processing, Web Hosting, & Related"
"415",2025-07-01,-0.199999999999989,"CEU5051800001","Computing Infrastructure, Data Processing, Web Hosting, & Related"
"416",2025-08-01,-1.89999999999998,"CEU5051800001","Computing Infrastructure, Data Processing, Web Hosting, & Related"
"417",2025-09-01,-5.5,"CEU5051800001","Computing Infrastructure, Data Processing, Web Hosting, & Related"
"418",2025-10-01,1.10000000000002,"CEU5051800001","Computing Infrastructure, Data Processing, Web Hosting, & Related"
"419",2025-11-01,1,"CEU5051800001","Computing Infrastructure, Data Processing, Web Hosting, & Related"
"420",2025-12-01,-8.60000000000002,"CEU5051800001","Computing Infrastructure, Data Processing, Web Hosting, & Related"
"421",2026-01-01,-14.9,"CEU5051800001","Computing Infrastructure, Data Processing, Web Hosting, & Related"
"422",2026-02-01,-19.4,"CEU5051800001","Computing Infrastructure, Data Processing, Web Hosting, & Related"
"423",2026-03-01,-21.9,"CEU5051800001","Computing Infrastructure, Data Processing, Web Hosting, & Related"
"424",1991-01-01,2.40000000000001,"CEU5051620001","Streaming Services, Social Networks, & Related"
"425",1991-02-01,1.40000000000001,"CEU5051620001","Streaming Services, Social Networks, & Related"
"426",1991-03-01,0.600000000000023,"CEU5051620001","Streaming Services, Social Networks, & Related"
"427",1991-04-01,0,"CEU5051620001","Streaming Services, Social Networks, & Related"
"428",1991-05-01,-0.0999999999999943,"CEU5051620001","Streaming Services, Social Networks, & Related"
"429",1991-06-01,-0.400000000000006,"CEU5051620001","Streaming Services, Social Networks, & Related"
"430",1991-07-01,-0.599999999999994,"CEU5051620001","Streaming Services, Social Networks, & Related"
"431",1991-08-01,-0.700000000000017,"CEU5051620001","Streaming Services, Social Networks, & Related"
"432",1991-09-01,-1.20000000000002,"CEU5051620001","Streaming Services, Social Networks, & Related"
"433",1991-10-01,-1.30000000000001,"CEU5051620001","Streaming Services, Social Networks, & Related"
"434",1991-11-01,-0.400000000000006,"CEU5051620001","Streaming Services, Social Networks, & Related"
"435",1991-12-01,-0.0999999999999943,"CEU5051620001","Streaming Services, Social Networks, & Related"
"436",1992-01-01,-0.900000000000006,"CEU5051620001","Streaming Services, Social Networks, & Related"
"437",1992-02-01,-0.599999999999994,"CEU5051620001","Streaming Services, Social Networks, & Related"
"438",1992-03-01,-0.5,"CEU5051620001","Streaming Services, Social Networks, & Related"
"439",1992-04-01,0.0999999999999943,"CEU5051620001","Streaming Services, Social Networks, & Related"
"440",1992-05-01,0.0999999999999943,"CEU5051620001","Streaming Services, Social Networks, & Related"
"441",1992-06-01,0.599999999999994,"CEU5051620001","Streaming Services, Social Networks, & Related"
"442",1992-07-01,0.5,"CEU5051620001","Streaming Services, Social Networks, & Related"
"443",1992-08-01,0.599999999999994,"CEU5051620001","Streaming Services, Social Networks, & Related"
"444",1992-09-01,1.70000000000002,"CEU5051620001","Streaming Services, Social Networks, & Related"
"445",1992-10-01,2.09999999999999,"CEU5051620001","Streaming Services, Social Networks, & Related"
"446",1992-11-01,1.90000000000001,"CEU5051620001","Streaming Services, Social Networks, & Related"
"447",1992-12-01,1.79999999999998,"CEU5051620001","Streaming Services, Social Networks, & Related"
"448",1993-01-01,2.30000000000001,"CEU5051620001","Streaming Services, Social Networks, & Related"
"449",1993-02-01,2.39999999999998,"CEU5051620001","Streaming Services, Social Networks, & Related"
"450",1993-03-01,2.79999999999998,"CEU5051620001","Streaming Services, Social Networks, & Related"
"451",1993-04-01,3.19999999999999,"CEU5051620001","Streaming Services, Social Networks, & Related"
"452",1993-05-01,2.80000000000001,"CEU5051620001","Streaming Services, Social Networks, & Related"
"453",1993-06-01,2.90000000000001,"CEU5051620001","Streaming Services, Social Networks, & Related"
"454",1993-07-01,3.19999999999999,"CEU5051620001","Streaming Services, Social Networks, & Related"
"455",1993-08-01,3.10000000000002,"CEU5051620001","Streaming Services, Social Networks, & Related"
"456",1993-09-01,2.39999999999998,"CEU5051620001","Streaming Services, Social Networks, & Related"
"457",1993-10-01,2.60000000000002,"CEU5051620001","Streaming Services, Social Networks, & Related"
"458",1993-11-01,2.69999999999999,"CEU5051620001","Streaming Services, Social Networks, & Related"
"459",1993-12-01,3.20000000000002,"CEU5051620001","Streaming Services, Social Networks, & Related"
"460",1994-01-01,3.5,"CEU5051620001","Streaming Services, Social Networks, & Related"
"461",1994-02-01,3.60000000000002,"CEU5051620001","Streaming Services, Social Networks, & Related"
"462",1994-03-01,4.20000000000002,"CEU5051620001","Streaming Services, Social Networks, & Related"
"463",1994-04-01,3.90000000000001,"CEU5051620001","Streaming Services, Social Networks, & Related"
"464",1994-05-01,4.69999999999999,"CEU5051620001","Streaming Services, Social Networks, & Related"
"465",1994-06-01,4.80000000000001,"CEU5051620001","Streaming Services, Social Networks, & Related"
"466",1994-07-01,5.5,"CEU5051620001","Streaming Services, Social Networks, & Related"
"467",1994-08-01,6.19999999999999,"CEU5051620001","Streaming Services, Social Networks, & Related"
"468",1994-09-01,6.90000000000001,"CEU5051620001","Streaming Services, Social Networks, & Related"
"469",1994-10-01,6.89999999999998,"CEU5051620001","Streaming Services, Social Networks, & Related"
"470",1994-11-01,7.60000000000002,"CEU5051620001","Streaming Services, Social Networks, & Related"
"471",1994-12-01,8.19999999999999,"CEU5051620001","Streaming Services, Social Networks, & Related"
"472",1995-01-01,7.40000000000001,"CEU5051620001","Streaming Services, Social Networks, & Related"
"473",1995-02-01,8.19999999999999,"CEU5051620001","Streaming Services, Social Networks, & Related"
"474",1995-03-01,8.5,"CEU5051620001","Streaming Services, Social Networks, & Related"
"475",1995-04-01,8.09999999999999,"CEU5051620001","Streaming Services, Social Networks, & Related"
"476",1995-05-01,8.40000000000001,"CEU5051620001","Streaming Services, Social Networks, & Related"
"477",1995-06-01,8.39999999999998,"CEU5051620001","Streaming Services, Social Networks, & Related"
"478",1995-07-01,8.20000000000002,"CEU5051620001","Streaming Services, Social Networks, & Related"
"479",1995-08-01,8.69999999999999,"CEU5051620001","Streaming Services, Social Networks, & Related"
"480",1995-09-01,8.70000000000002,"CEU5051620001","Streaming Services, Social Networks, & Related"
"481",1995-10-01,9.40000000000001,"CEU5051620001","Streaming Services, Social Networks, & Related"
"482",1995-11-01,9.39999999999998,"CEU5051620001","Streaming Services, Social Networks, & Related"
"483",1995-12-01,9.5,"CEU5051620001","Streaming Services, Social Networks, & Related"
"484",1996-01-01,10.7,"CEU5051620001","Streaming Services, Social Networks, & Related"
"485",1996-02-01,10.4,"CEU5051620001","Streaming Services, Social Networks, & Related"
"486",1996-03-01,10.2,"CEU5051620001","Streaming Services, Social Networks, & Related"
"487",1996-04-01,10.8,"CEU5051620001","Streaming Services, Social Networks, & Related"
"488",1996-05-01,10.9,"CEU5051620001","Streaming Services, Social Networks, & Related"
"489",1996-06-01,11.6,"CEU5051620001","Streaming Services, Social Networks, & Related"
"490",1996-07-01,11.5,"CEU5051620001","Streaming Services, Social Networks, & Related"
"491",1996-08-01,11.4,"CEU5051620001","Streaming Services, Social Networks, & Related"
"492",1996-09-01,10.6,"CEU5051620001","Streaming Services, Social Networks, & Related"
"493",1996-10-01,10.8,"CEU5051620001","Streaming Services, Social Networks, & Related"
"494",1996-11-01,9.70000000000002,"CEU5051620001","Streaming Services, Social Networks, & Related"
"495",1996-12-01,8.40000000000001,"CEU5051620001","Streaming Services, Social Networks, & Related"
"496",1997-01-01,7.59999999999999,"CEU5051620001","Streaming Services, Social Networks, & Related"
"497",1997-02-01,7.19999999999999,"CEU5051620001","Streaming Services, Social Networks, & Related"
"498",1997-03-01,6.69999999999999,"CEU5051620001","Streaming Services, Social Networks, & Related"
"499",1997-04-01,6.90000000000001,"CEU5051620001","Streaming Services, Social Networks, & Related"
"500",1997-05-01,5.69999999999999,"CEU5051620001","Streaming Services, Social Networks, & Related"
"501",1997-06-01,4.5,"CEU5051620001","Streaming Services, Social Networks, & Related"
"502",1997-07-01,3.69999999999999,"CEU5051620001","Streaming Services, Social Networks, & Related"
"503",1997-08-01,3.20000000000002,"CEU5051620001","Streaming Services, Social Networks, & Related"
"504",1997-09-01,2.90000000000001,"CEU5051620001","Streaming Services, Social Networks, & Related"
"505",1997-10-01,3,"CEU5051620001","Streaming Services, Social Networks, & Related"
"506",1997-11-01,3.69999999999999,"CEU5051620001","Streaming Services, Social Networks, & Related"
"507",1997-12-01,3.5,"CEU5051620001","Streaming Services, Social Networks, & Related"
"508",1998-01-01,3.90000000000001,"CEU5051620001","Streaming Services, Social Networks, & Related"
"509",1998-02-01,4.30000000000001,"CEU5051620001","Streaming Services, Social Networks, & Related"
"510",1998-03-01,5.90000000000001,"CEU5051620001","Streaming Services, Social Networks, & Related"
"511",1998-04-01,6,"CEU5051620001","Streaming Services, Social Networks, & Related"
"512",1998-05-01,7.20000000000002,"CEU5051620001","Streaming Services, Social Networks, & Related"
"513",1998-06-01,9,"CEU5051620001","Streaming Services, Social Networks, & Related"
"514",1998-07-01,10.4,"CEU5051620001","Streaming Services, Social Networks, & Related"
"515",1998-08-01,11.2,"CEU5051620001","Streaming Services, Social Networks, & Related"
"516",1998-09-01,13,"CEU5051620001","Streaming Services, Social Networks, & Related"
"517",1998-10-01,11.4,"CEU5051620001","Streaming Services, Social Networks, & Related"
"518",1998-11-01,12.3,"CEU5051620001","Streaming Services, Social Networks, & Related"
"519",1998-12-01,13.8,"CEU5051620001","Streaming Services, Social Networks, & Related"
"520",1999-01-01,13.1,"CEU5051620001","Streaming Services, Social Networks, & Related"
"521",1999-02-01,13,"CEU5051620001","Streaming Services, Social Networks, & Related"
"522",1999-03-01,12.3,"CEU5051620001","Streaming Services, Social Networks, & Related"
"523",1999-04-01,13.2,"CEU5051620001","Streaming Services, Social Networks, & Related"
"524",1999-05-01,14.5,"CEU5051620001","Streaming Services, Social Networks, & Related"
"525",1999-06-01,15,"CEU5051620001","Streaming Services, Social Networks, & Related"
"526",1999-07-01,15.8,"CEU5051620001","Streaming Services, Social Networks, & Related"
"527",1999-08-01,16.7,"CEU5051620001","Streaming Services, Social Networks, & Related"
"528",1999-09-01,17.5,"CEU5051620001","Streaming Services, Social Networks, & Related"
"529",1999-10-01,20.1,"CEU5051620001","Streaming Services, Social Networks, & Related"
"530",1999-11-01,21.2,"CEU5051620001","Streaming Services, Social Networks, & Related"
"531",1999-12-01,22.7,"CEU5051620001","Streaming Services, Social Networks, & Related"
"532",2000-01-01,25.3,"CEU5051620001","Streaming Services, Social Networks, & Related"
"533",2000-02-01,26.9,"CEU5051620001","Streaming Services, Social Networks, & Related"
"534",2000-03-01,27.7,"CEU5051620001","Streaming Services, Social Networks, & Related"
"535",2000-04-01,28.4,"CEU5051620001","Streaming Services, Social Networks, & Related"
"536",2000-05-01,26.2,"CEU5051620001","Streaming Services, Social Networks, & Related"
"537",2000-06-01,25.1,"CEU5051620001","Streaming Services, Social Networks, & Related"
"538",2000-07-01,25.1,"CEU5051620001","Streaming Services, Social Networks, & Related"
"539",2000-08-01,23.1,"CEU5051620001","Streaming Services, Social Networks, & Related"
"540",2000-09-01,22.2,"CEU5051620001","Streaming Services, Social Networks, & Related"
"541",2000-10-01,19.2,"CEU5051620001","Streaming Services, Social Networks, & Related"
"542",2000-11-01,17.8,"CEU5051620001","Streaming Services, Social Networks, & Related"
"543",2000-12-01,16.4,"CEU5051620001","Streaming Services, Social Networks, & Related"
"544",2001-01-01,13.4,"CEU5051620001","Streaming Services, Social Networks, & Related"
"545",2001-02-01,10.5,"CEU5051620001","Streaming Services, Social Networks, & Related"
"546",2001-03-01,7.70000000000002,"CEU5051620001","Streaming Services, Social Networks, & Related"
"547",2001-04-01,4.80000000000001,"CEU5051620001","Streaming Services, Social Networks, & Related"
"548",2001-05-01,2.69999999999999,"CEU5051620001","Streaming Services, Social Networks, & Related"
"549",2001-06-01,0.699999999999989,"CEU5051620001","Streaming Services, Social Networks, & Related"
"550",2001-07-01,-3.09999999999999,"CEU5051620001","Streaming Services, Social Networks, & Related"
"551",2001-08-01,-3.60000000000002,"CEU5051620001","Streaming Services, Social Networks, & Related"
"552",2001-09-01,-7,"CEU5051620001","Streaming Services, Social Networks, & Related"
"553",2001-10-01,-8,"CEU5051620001","Streaming Services, Social Networks, & Related"
"554",2001-11-01,-9.40000000000001,"CEU5051620001","Streaming Services, Social Networks, & Related"
"555",2001-12-01,-11.4,"CEU5051620001","Streaming Services, Social Networks, & Related"
"556",2002-01-01,-14.2,"CEU5051620001","Streaming Services, Social Networks, & Related"
"557",2002-02-01,-16.5,"CEU5051620001","Streaming Services, Social Networks, & Related"
"558",2002-03-01,-16.4,"CEU5051620001","Streaming Services, Social Networks, & Related"
"559",2002-04-01,-17.9,"CEU5051620001","Streaming Services, Social Networks, & Related"
"560",2002-05-01,-15.5,"CEU5051620001","Streaming Services, Social Networks, & Related"
"561",2002-06-01,-13.9,"CEU5051620001","Streaming Services, Social Networks, & Related"
"562",2002-07-01,-14.1,"CEU5051620001","Streaming Services, Social Networks, & Related"
"563",2002-08-01,-14.5,"CEU5051620001","Streaming Services, Social Networks, & Related"
"564",2002-09-01,-14.3,"CEU5051620001","Streaming Services, Social Networks, & Related"
"565",2002-10-01,-11.7,"CEU5051620001","Streaming Services, Social Networks, & Related"
"566",2002-11-01,-10.8,"CEU5051620001","Streaming Services, Social Networks, & Related"
"567",2002-12-01,-10.6,"CEU5051620001","Streaming Services, Social Networks, & Related"
"568",2003-01-01,-13.7,"CEU5051620001","Streaming Services, Social Networks, & Related"
"569",2003-02-01,-13.2,"CEU5051620001","Streaming Services, Social Networks, & Related"
"570",2003-03-01,-11.7,"CEU5051620001","Streaming Services, Social Networks, & Related"
"571",2003-04-01,-9.5,"CEU5051620001","Streaming Services, Social Networks, & Related"
"572",2003-05-01,-10.7,"CEU5051620001","Streaming Services, Social Networks, & Related"
"573",2003-06-01,-11.8,"CEU5051620001","Streaming Services, Social Networks, & Related"
"574",2003-07-01,-10.6,"CEU5051620001","Streaming Services, Social Networks, & Related"
"575",2003-08-01,-11.3,"CEU5051620001","Streaming Services, Social Networks, & Related"
"576",2003-09-01,-8.79999999999998,"CEU5051620001","Streaming Services, Social Networks, & Related"
"577",2003-10-01,-11.2,"CEU5051620001","Streaming Services, Social Networks, & Related"
"578",2003-11-01,-12.4,"CEU5051620001","Streaming Services, Social Networks, & Related"
"579",2003-12-01,-11.2,"CEU5051620001","Streaming Services, Social Networks, & Related"
"580",2004-01-01,-5.90000000000001,"CEU5051620001","Streaming Services, Social Networks, & Related"
"581",2004-02-01,-2.09999999999999,"CEU5051620001","Streaming Services, Social Networks, & Related"
"582",2004-03-01,-3,"CEU5051620001","Streaming Services, Social Networks, & Related"
"583",2004-04-01,-2.90000000000001,"CEU5051620001","Streaming Services, Social Networks, & Related"
"584",2004-05-01,-1.30000000000001,"CEU5051620001","Streaming Services, Social Networks, & Related"
"585",2004-06-01,0.400000000000006,"CEU5051620001","Streaming Services, Social Networks, & Related"
"586",2004-07-01,0.300000000000011,"CEU5051620001","Streaming Services, Social Networks, & Related"
"587",2004-08-01,1.79999999999998,"CEU5051620001","Streaming Services, Social Networks, & Related"
"588",2004-09-01,1.40000000000001,"CEU5051620001","Streaming Services, Social Networks, & Related"
"589",2004-10-01,2.5,"CEU5051620001","Streaming Services, Social Networks, & Related"
"590",2004-11-01,3,"CEU5051620001","Streaming Services, Social Networks, & Related"
"591",2004-12-01,2.90000000000001,"CEU5051620001","Streaming Services, Social Networks, & Related"
"592",2005-01-01,4,"CEU5051620001","Streaming Services, Social Networks, & Related"
"593",2005-02-01,0.900000000000006,"CEU5051620001","Streaming Services, Social Networks, & Related"
"594",2005-03-01,2,"CEU5051620001","Streaming Services, Social Networks, & Related"
"595",2005-04-01,1.80000000000001,"CEU5051620001","Streaming Services, Social Networks, & Related"
"596",2005-05-01,2,"CEU5051620001","Streaming Services, Social Networks, & Related"
"597",2005-06-01,3.29999999999998,"CEU5051620001","Streaming Services, Social Networks, & Related"
"598",2005-07-01,5.40000000000001,"CEU5051620001","Streaming Services, Social Networks, & Related"
"599",2005-08-01,5.40000000000001,"CEU5051620001","Streaming Services, Social Networks, & Related"
"600",2005-09-01,3.69999999999999,"CEU5051620001","Streaming Services, Social Networks, & Related"
"601",2005-10-01,4.40000000000001,"CEU5051620001","Streaming Services, Social Networks, & Related"
"602",2005-11-01,5.5,"CEU5051620001","Streaming Services, Social Networks, & Related"
"603",2005-12-01,4.20000000000002,"CEU5051620001","Streaming Services, Social Networks, & Related"
"604",2006-01-01,2.40000000000001,"CEU5051620001","Streaming Services, Social Networks, & Related"
"605",2006-02-01,5.59999999999999,"CEU5051620001","Streaming Services, Social Networks, & Related"
"606",2006-03-01,4.30000000000001,"CEU5051620001","Streaming Services, Social Networks, & Related"
"607",2006-04-01,5.09999999999999,"CEU5051620001","Streaming Services, Social Networks, & Related"
"608",2006-05-01,3.20000000000002,"CEU5051620001","Streaming Services, Social Networks, & Related"
"609",2006-06-01,0.800000000000011,"CEU5051620001","Streaming Services, Social Networks, & Related"
"610",2006-07-01,0.0999999999999943,"CEU5051620001","Streaming Services, Social Networks, & Related"
"611",2006-08-01,-0.799999999999983,"CEU5051620001","Streaming Services, Social Networks, & Related"
"612",2006-09-01,-0.0999999999999943,"CEU5051620001","Streaming Services, Social Networks, & Related"
"613",2006-10-01,-0.599999999999994,"CEU5051620001","Streaming Services, Social Networks, & Related"
"614",2006-11-01,-1.20000000000002,"CEU5051620001","Streaming Services, Social Networks, & Related"
"615",2006-12-01,1.19999999999999,"CEU5051620001","Streaming Services, Social Networks, & Related"
"616",2007-01-01,0.0999999999999943,"CEU5051620001","Streaming Services, Social Networks, & Related"
"617",2007-02-01,-0.199999999999989,"CEU5051620001","Streaming Services, Social Networks, & Related"
"618",2007-03-01,-0.300000000000011,"CEU5051620001","Streaming Services, Social Networks, & Related"
"619",2007-04-01,0.400000000000006,"CEU5051620001","Streaming Services, Social Networks, & Related"
"620",2007-05-01,0.5,"CEU5051620001","Streaming Services, Social Networks, & Related"
"621",2007-06-01,1.09999999999999,"CEU5051620001","Streaming Services, Social Networks, & Related"
"622",2007-07-01,0.299999999999983,"CEU5051620001","Streaming Services, Social Networks, & Related"
"623",2007-08-01,1,"CEU5051620001","Streaming Services, Social Networks, & Related"
"624",2007-09-01,1.69999999999999,"CEU5051620001","Streaming Services, Social Networks, & Related"
"625",2007-10-01,-0.300000000000011,"CEU5051620001","Streaming Services, Social Networks, & Related"
"626",2007-11-01,-1.59999999999999,"CEU5051620001","Streaming Services, Social Networks, & Related"
"627",2007-12-01,-4.40000000000001,"CEU5051620001","Streaming Services, Social Networks, & Related"
"628",2008-01-01,-1.59999999999999,"CEU5051620001","Streaming Services, Social Networks, & Related"
"629",2008-02-01,-3.5,"CEU5051620001","Streaming Services, Social Networks, & Related"
"630",2008-03-01,-3,"CEU5051620001","Streaming Services, Social Networks, & Related"
"631",2008-04-01,-4.30000000000001,"CEU5051620001","Streaming Services, Social Networks, & Related"
"632",2008-05-01,-2.70000000000002,"CEU5051620001","Streaming Services, Social Networks, & Related"
"633",2008-06-01,-3.59999999999999,"CEU5051620001","Streaming Services, Social Networks, & Related"
"634",2008-07-01,-2,"CEU5051620001","Streaming Services, Social Networks, & Related"
"635",2008-08-01,-1.70000000000002,"CEU5051620001","Streaming Services, Social Networks, & Related"
"636",2008-09-01,-1.19999999999999,"CEU5051620001","Streaming Services, Social Networks, & Related"
"637",2008-10-01,2.20000000000002,"CEU5051620001","Streaming Services, Social Networks, & Related"
"638",2008-11-01,4,"CEU5051620001","Streaming Services, Social Networks, & Related"
"639",2008-12-01,4.30000000000001,"CEU5051620001","Streaming Services, Social Networks, & Related"
"640",2009-01-01,1.5,"CEU5051620001","Streaming Services, Social Networks, & Related"
"641",2009-02-01,0.5,"CEU5051620001","Streaming Services, Social Networks, & Related"
"642",2009-03-01,-0.5,"CEU5051620001","Streaming Services, Social Networks, & Related"
"643",2009-04-01,-3.19999999999999,"CEU5051620001","Streaming Services, Social Networks, & Related"
"644",2009-05-01,-4.29999999999998,"CEU5051620001","Streaming Services, Social Networks, & Related"
"645",2009-06-01,-4.09999999999999,"CEU5051620001","Streaming Services, Social Networks, & Related"
"646",2009-07-01,-7.29999999999998,"CEU5051620001","Streaming Services, Social Networks, & Related"
"647",2009-08-01,-9,"CEU5051620001","Streaming Services, Social Networks, & Related"
"648",2009-09-01,-7.70000000000002,"CEU5051620001","Streaming Services, Social Networks, & Related"
"649",2009-10-01,-8.70000000000002,"CEU5051620001","Streaming Services, Social Networks, & Related"
"650",2009-11-01,-8.80000000000001,"CEU5051620001","Streaming Services, Social Networks, & Related"
"651",2009-12-01,-9.59999999999999,"CEU5051620001","Streaming Services, Social Networks, & Related"
"652",2010-01-01,-7.20000000000002,"CEU5051620001","Streaming Services, Social Networks, & Related"
"653",2010-02-01,-5.10000000000002,"CEU5051620001","Streaming Services, Social Networks, & Related"
"654",2010-03-01,-4.19999999999999,"CEU5051620001","Streaming Services, Social Networks, & Related"
"655",2010-04-01,-2.10000000000002,"CEU5051620001","Streaming Services, Social Networks, & Related"
"656",2010-05-01,-3.30000000000001,"CEU5051620001","Streaming Services, Social Networks, & Related"
"657",2010-06-01,-2.70000000000002,"CEU5051620001","Streaming Services, Social Networks, & Related"
"658",2010-07-01,-1.09999999999999,"CEU5051620001","Streaming Services, Social Networks, & Related"
"659",2010-08-01,0.0999999999999943,"CEU5051620001","Streaming Services, Social Networks, & Related"
"660",2010-09-01,-2.79999999999998,"CEU5051620001","Streaming Services, Social Networks, & Related"
"661",2010-10-01,-3.5,"CEU5051620001","Streaming Services, Social Networks, & Related"
"662",2010-11-01,-3.69999999999999,"CEU5051620001","Streaming Services, Social Networks, & Related"
"663",2010-12-01,-4.20000000000002,"CEU5051620001","Streaming Services, Social Networks, & Related"
"664",2011-01-01,-4.19999999999999,"CEU5051620001","Streaming Services, Social Networks, & Related"
"665",2011-02-01,-5.29999999999998,"CEU5051620001","Streaming Services, Social Networks, & Related"
"666",2011-03-01,-5.90000000000001,"CEU5051620001","Streaming Services, Social Networks, & Related"
"667",2011-04-01,-4,"CEU5051620001","Streaming Services, Social Networks, & Related"
"668",2011-05-01,-2,"CEU5051620001","Streaming Services, Social Networks, & Related"
"669",2011-06-01,0.300000000000011,"CEU5051620001","Streaming Services, Social Networks, & Related"
"670",2011-07-01,1.09999999999999,"CEU5051620001","Streaming Services, Social Networks, & Related"
"671",2011-08-01,1.20000000000002,"CEU5051620001","Streaming Services, Social Networks, & Related"
"672",2011-09-01,2.19999999999999,"CEU5051620001","Streaming Services, Social Networks, & Related"
"673",2011-10-01,4,"CEU5051620001","Streaming Services, Social Networks, & Related"
"674",2011-11-01,3.5,"CEU5051620001","Streaming Services, Social Networks, & Related"
"675",2011-12-01,6.09999999999999,"CEU5051620001","Streaming Services, Social Networks, & Related"
"676",2012-01-01,7,"CEU5051620001","Streaming Services, Social Networks, & Related"
"677",2012-02-01,6.79999999999998,"CEU5051620001","Streaming Services, Social Networks, & Related"
"678",2012-03-01,10.2,"CEU5051620001","Streaming Services, Social Networks, & Related"
"679",2012-04-01,8.40000000000001,"CEU5051620001","Streaming Services, Social Networks, & Related"
"680",2012-05-01,8.90000000000001,"CEU5051620001","Streaming Services, Social Networks, & Related"
"681",2012-06-01,6.90000000000001,"CEU5051620001","Streaming Services, Social Networks, & Related"
"682",2012-07-01,6,"CEU5051620001","Streaming Services, Social Networks, & Related"
"683",2012-08-01,5.59999999999999,"CEU5051620001","Streaming Services, Social Networks, & Related"
"684",2012-09-01,6.80000000000001,"CEU5051620001","Streaming Services, Social Networks, & Related"
"685",2012-10-01,5.60000000000002,"CEU5051620001","Streaming Services, Social Networks, & Related"
"686",2012-11-01,6.40000000000001,"CEU5051620001","Streaming Services, Social Networks, & Related"
"687",2012-12-01,7.10000000000002,"CEU5051620001","Streaming Services, Social Networks, & Related"
"688",2013-01-01,6.19999999999999,"CEU5051620001","Streaming Services, Social Networks, & Related"
"689",2013-02-01,8.10000000000002,"CEU5051620001","Streaming Services, Social Networks, & Related"
"690",2013-03-01,4.89999999999998,"CEU5051620001","Streaming Services, Social Networks, & Related"
"691",2013-04-01,5.70000000000002,"CEU5051620001","Streaming Services, Social Networks, & Related"
"692",2013-05-01,3.59999999999999,"CEU5051620001","Streaming Services, Social Networks, & Related"
"693",2013-06-01,3.19999999999999,"CEU5051620001","Streaming Services, Social Networks, & Related"
"694",2013-07-01,3.19999999999999,"CEU5051620001","Streaming Services, Social Networks, & Related"
"695",2013-08-01,4.19999999999999,"CEU5051620001","Streaming Services, Social Networks, & Related"
"696",2013-09-01,2.29999999999998,"CEU5051620001","Streaming Services, Social Networks, & Related"
"697",2013-10-01,3.09999999999999,"CEU5051620001","Streaming Services, Social Networks, & Related"
"698",2013-11-01,1.90000000000001,"CEU5051620001","Streaming Services, Social Networks, & Related"
"699",2013-12-01,0.0999999999999943,"CEU5051620001","Streaming Services, Social Networks, & Related"
"700",2014-01-01,0.600000000000023,"CEU5051620001","Streaming Services, Social Networks, & Related"
"701",2014-02-01,-0.300000000000011,"CEU5051620001","Streaming Services, Social Networks, & Related"
"702",2014-03-01,0.100000000000023,"CEU5051620001","Streaming Services, Social Networks, & Related"
"703",2014-04-01,0,"CEU5051620001","Streaming Services, Social Networks, & Related"
"704",2014-05-01,1.90000000000001,"CEU5051620001","Streaming Services, Social Networks, & Related"
"705",2014-06-01,4.19999999999999,"CEU5051620001","Streaming Services, Social Networks, & Related"
"706",2014-07-01,6.70000000000002,"CEU5051620001","Streaming Services, Social Networks, & Related"
"707",2014-08-01,7.80000000000001,"CEU5051620001","Streaming Services, Social Networks, & Related"
"708",2014-09-01,7.90000000000001,"CEU5051620001","Streaming Services, Social Networks, & Related"
"709",2014-10-01,6.29999999999998,"CEU5051620001","Streaming Services, Social Networks, & Related"
"710",2014-11-01,7.5,"CEU5051620001","Streaming Services, Social Networks, & Related"
"711",2014-12-01,9.59999999999999,"CEU5051620001","Streaming Services, Social Networks, & Related"
"712",2015-01-01,8.5,"CEU5051620001","Streaming Services, Social Networks, & Related"
"713",2015-02-01,7.80000000000001,"CEU5051620001","Streaming Services, Social Networks, & Related"
"714",2015-03-01,8.79999999999998,"CEU5051620001","Streaming Services, Social Networks, & Related"
"715",2015-04-01,7.69999999999999,"CEU5051620001","Streaming Services, Social Networks, & Related"
"716",2015-05-01,6.19999999999999,"CEU5051620001","Streaming Services, Social Networks, & Related"
"717",2015-06-01,4.40000000000001,"CEU5051620001","Streaming Services, Social Networks, & Related"
"718",2015-07-01,2.59999999999999,"CEU5051620001","Streaming Services, Social Networks, & Related"
"719",2015-08-01,0.5,"CEU5051620001","Streaming Services, Social Networks, & Related"
"720",2015-09-01,1.40000000000001,"CEU5051620001","Streaming Services, Social Networks, & Related"
"721",2015-10-01,1.5,"CEU5051620001","Streaming Services, Social Networks, & Related"
"722",2015-11-01,0.5,"CEU5051620001","Streaming Services, Social Networks, & Related"
"723",2015-12-01,-1,"CEU5051620001","Streaming Services, Social Networks, & Related"
"724",2016-01-01,0.0999999999999943,"CEU5051620001","Streaming Services, Social Networks, & Related"
"725",2016-02-01,2,"CEU5051620001","Streaming Services, Social Networks, & Related"
"726",2016-03-01,0.400000000000006,"CEU5051620001","Streaming Services, Social Networks, & Related"
"727",2016-04-01,0.800000000000011,"CEU5051620001","Streaming Services, Social Networks, & Related"
"728",2016-05-01,0.5,"CEU5051620001","Streaming Services, Social Networks, & Related"
"729",2016-06-01,1.90000000000001,"CEU5051620001","Streaming Services, Social Networks, & Related"
"730",2016-07-01,1.19999999999999,"CEU5051620001","Streaming Services, Social Networks, & Related"
"731",2016-08-01,3.5,"CEU5051620001","Streaming Services, Social Networks, & Related"
"732",2016-09-01,3.40000000000001,"CEU5051620001","Streaming Services, Social Networks, & Related"
"733",2016-10-01,4.60000000000002,"CEU5051620001","Streaming Services, Social Networks, & Related"
"734",2016-11-01,3.79999999999998,"CEU5051620001","Streaming Services, Social Networks, & Related"
"735",2016-12-01,3.90000000000001,"CEU5051620001","Streaming Services, Social Networks, & Related"
"736",2017-01-01,5.09999999999999,"CEU5051620001","Streaming Services, Social Networks, & Related"
"737",2017-02-01,4.09999999999999,"CEU5051620001","Streaming Services, Social Networks, & Related"
"738",2017-03-01,6.09999999999999,"CEU5051620001","Streaming Services, Social Networks, & Related"
"739",2017-04-01,5.39999999999998,"CEU5051620001","Streaming Services, Social Networks, & Related"
"740",2017-05-01,6.10000000000002,"CEU5051620001","Streaming Services, Social Networks, & Related"
"741",2017-06-01,6.40000000000001,"CEU5051620001","Streaming Services, Social Networks, & Related"
"742",2017-07-01,7.30000000000001,"CEU5051620001","Streaming Services, Social Networks, & Related"
"743",2017-08-01,6.40000000000001,"CEU5051620001","Streaming Services, Social Networks, & Related"
"744",2017-09-01,6.79999999999998,"CEU5051620001","Streaming Services, Social Networks, & Related"
"745",2017-10-01,7.09999999999999,"CEU5051620001","Streaming Services, Social Networks, & Related"
"746",2017-11-01,8.70000000000002,"CEU5051620001","Streaming Services, Social Networks, & Related"
"747",2017-12-01,10.2,"CEU5051620001","Streaming Services, Social Networks, & Related"
"748",2018-01-01,7.90000000000001,"CEU5051620001","Streaming Services, Social Networks, & Related"
"749",2018-02-01,8.90000000000001,"CEU5051620001","Streaming Services, Social Networks, & Related"
"750",2018-03-01,8.70000000000002,"CEU5051620001","Streaming Services, Social Networks, & Related"
"751",2018-04-01,10.3,"CEU5051620001","Streaming Services, Social Networks, & Related"
"752",2018-05-01,9.19999999999999,"CEU5051620001","Streaming Services, Social Networks, & Related"
"753",2018-06-01,9.79999999999998,"CEU5051620001","Streaming Services, Social Networks, & Related"
"754",2018-07-01,9.5,"CEU5051620001","Streaming Services, Social Networks, & Related"
"755",2018-08-01,10.1,"CEU5051620001","Streaming Services, Social Networks, & Related"
"756",2018-09-01,9.60000000000002,"CEU5051620001","Streaming Services, Social Networks, & Related"
"757",2018-10-01,9.59999999999999,"CEU5051620001","Streaming Services, Social Networks, & Related"
"758",2018-11-01,11.3,"CEU5051620001","Streaming Services, Social Networks, & Related"
"759",2018-12-01,10,"CEU5051620001","Streaming Services, Social Networks, & Related"
"760",2019-01-01,9.90000000000001,"CEU5051620001","Streaming Services, Social Networks, & Related"
"761",2019-02-01,9.79999999999998,"CEU5051620001","Streaming Services, Social Networks, & Related"
"762",2019-03-01,8.5,"CEU5051620001","Streaming Services, Social Networks, & Related"
"763",2019-04-01,8.80000000000001,"CEU5051620001","Streaming Services, Social Networks, & Related"
"764",2019-05-01,10.6,"CEU5051620001","Streaming Services, Social Networks, & Related"
"765",2019-06-01,9.10000000000002,"CEU5051620001","Streaming Services, Social Networks, & Related"
"766",2019-07-01,9.09999999999999,"CEU5051620001","Streaming Services, Social Networks, & Related"
"767",2019-08-01,9,"CEU5051620001","Streaming Services, Social Networks, & Related"
"768",2019-09-01,8.19999999999999,"CEU5051620001","Streaming Services, Social Networks, & Related"
"769",2019-10-01,8,"CEU5051620001","Streaming Services, Social Networks, & Related"
"770",2019-11-01,6.40000000000001,"CEU5051620001","Streaming Services, Social Networks, & Related"
"771",2019-12-01,5.80000000000001,"CEU5051620001","Streaming Services, Social Networks, & Related"
"772",2020-01-01,6,"CEU5051620001","Streaming Services, Social Networks, & Related"
"773",2020-02-01,6.09999999999999,"CEU5051620001","Streaming Services, Social Networks, & Related"
"774",2020-03-01,5.5,"CEU5051620001","Streaming Services, Social Networks, & Related"
"775",2020-04-01,-1.30000000000001,"CEU5051620001","Streaming Services, Social Networks, & Related"
"776",2020-05-01,-7.59999999999999,"CEU5051620001","Streaming Services, Social Networks, & Related"
"777",2020-06-01,-7.20000000000002,"CEU5051620001","Streaming Services, Social Networks, & Related"
"778",2020-07-01,-6.80000000000001,"CEU5051620001","Streaming Services, Social Networks, & Related"
"779",2020-08-01,-6.59999999999999,"CEU5051620001","Streaming Services, Social Networks, & Related"
"780",2020-09-01,-3.80000000000001,"CEU5051620001","Streaming Services, Social Networks, & Related"
"781",2020-10-01,-3.90000000000001,"CEU5051620001","Streaming Services, Social Networks, & Related"
"782",2020-11-01,-3.40000000000001,"CEU5051620001","Streaming Services, Social Networks, & Related"
"783",2020-12-01,-3.40000000000001,"CEU5051620001","Streaming Services, Social Networks, & Related"
"784",2021-01-01,-2,"CEU5051620001","Streaming Services, Social Networks, & Related"
"785",2021-02-01,-1.29999999999998,"CEU5051620001","Streaming Services, Social Networks, & Related"
"786",2021-03-01,-4.20000000000002,"CEU5051620001","Streaming Services, Social Networks, & Related"
"787",2021-04-01,0,"CEU5051620001","Streaming Services, Social Networks, & Related"
"788",2021-05-01,6.19999999999999,"CEU5051620001","Streaming Services, Social Networks, & Related"
"789",2021-06-01,1.40000000000001,"CEU5051620001","Streaming Services, Social Networks, & Related"
"790",2021-07-01,2.30000000000001,"CEU5051620001","Streaming Services, Social Networks, & Related"
"791",2021-08-01,1.90000000000001,"CEU5051620001","Streaming Services, Social Networks, & Related"
"792",2021-09-01,-3.09999999999999,"CEU5051620001","Streaming Services, Social Networks, & Related"
"793",2021-10-01,-5.40000000000001,"CEU5051620001","Streaming Services, Social Networks, & Related"
"794",2021-11-01,-5.29999999999998,"CEU5051620001","Streaming Services, Social Networks, & Related"
"795",2021-12-01,-7.5,"CEU5051620001","Streaming Services, Social Networks, & Related"
"796",2022-01-01,-8.70000000000002,"CEU5051620001","Streaming Services, Social Networks, & Related"
"797",2022-02-01,-8.5,"CEU5051620001","Streaming Services, Social Networks, & Related"
"798",2022-03-01,-4.5,"CEU5051620001","Streaming Services, Social Networks, & Related"
"799",2022-04-01,-2.69999999999999,"CEU5051620001","Streaming Services, Social Networks, & Related"
"800",2022-05-01,-4.59999999999999,"CEU5051620001","Streaming Services, Social Networks, & Related"
"801",2022-06-01,-1.5,"CEU5051620001","Streaming Services, Social Networks, & Related"
"802",2022-07-01,-1.40000000000001,"CEU5051620001","Streaming Services, Social Networks, & Related"
"803",2022-08-01,-1.90000000000001,"CEU5051620001","Streaming Services, Social Networks, & Related"
"804",2022-09-01,-1,"CEU5051620001","Streaming Services, Social Networks, & Related"
"805",2022-10-01,0.900000000000006,"CEU5051620001","Streaming Services, Social Networks, & Related"
"806",2022-11-01,-1.20000000000002,"CEU5051620001","Streaming Services, Social Networks, & Related"
"807",2022-12-01,1,"CEU5051620001","Streaming Services, Social Networks, & Related"
"808",2023-01-01,-1.59999999999999,"CEU5051620001","Streaming Services, Social Networks, & Related"
"809",2023-02-01,-4.09999999999999,"CEU5051620001","Streaming Services, Social Networks, & Related"
"810",2023-03-01,-5.90000000000001,"CEU5051620001","Streaming Services, Social Networks, & Related"
"811",2023-04-01,-6.70000000000002,"CEU5051620001","Streaming Services, Social Networks, & Related"
"812",2023-05-01,-6.69999999999999,"CEU5051620001","Streaming Services, Social Networks, & Related"
"813",2023-06-01,-8,"CEU5051620001","Streaming Services, Social Networks, & Related"
"814",2023-07-01,-9.29999999999998,"CEU5051620001","Streaming Services, Social Networks, & Related"
"815",2023-08-01,-13.3,"CEU5051620001","Streaming Services, Social Networks, & Related"
"816",2023-09-01,-11.5,"CEU5051620001","Streaming Services, Social Networks, & Related"
"817",2023-10-01,-10.4,"CEU5051620001","Streaming Services, Social Networks, & Related"
"818",2023-11-01,-10.8,"CEU5051620001","Streaming Services, Social Networks, & Related"
"819",2023-12-01,-8.59999999999999,"CEU5051620001","Streaming Services, Social Networks, & Related"
"820",2024-01-01,-7.5,"CEU5051620001","Streaming Services, Social Networks, & Related"
"821",2024-02-01,-7.60000000000002,"CEU5051620001","Streaming Services, Social Networks, & Related"
"822",2024-03-01,-6.89999999999998,"CEU5051620001","Streaming Services, Social Networks, & Related"
"823",2024-04-01,-5.59999999999999,"CEU5051620001","Streaming Services, Social Networks, & Related"
"824",2024-05-01,-4.5,"CEU5051620001","Streaming Services, Social Networks, & Related"
"825",2024-06-01,-3,"CEU5051620001","Streaming Services, Social Networks, & Related"
"826",2024-07-01,-3.40000000000001,"CEU5051620001","Streaming Services, Social Networks, & Related"
"827",2024-08-01,-0.199999999999989,"CEU5051620001","Streaming Services, Social Networks, & Related"
"828",2024-09-01,0.400000000000006,"CEU5051620001","Streaming Services, Social Networks, & Related"
"829",2024-10-01,1.10000000000002,"CEU5051620001","Streaming Services, Social Networks, & Related"
"830",2024-11-01,0.5,"CEU5051620001","Streaming Services, Social Networks, & Related"
"831",2024-12-01,-2.90000000000001,"CEU5051620001","Streaming Services, Social Networks, & Related"
"832",2025-01-01,1.09999999999999,"CEU5051620001","Streaming Services, Social Networks, & Related"
"833",2025-02-01,4.30000000000001,"CEU5051620001","Streaming Services, Social Networks, & Related"
"834",2025-03-01,2.5,"CEU5051620001","Streaming Services, Social Networks, & Related"
"835",2025-04-01,4.59999999999999,"CEU5051620001","Streaming Services, Social Networks, & Related"
"836",2025-05-01,5.5,"CEU5051620001","Streaming Services, Social Networks, & Related"
"837",2025-06-01,4.90000000000001,"CEU5051620001","Streaming Services, Social Networks, & Related"
"838",2025-07-01,6.29999999999998,"CEU5051620001","Streaming Services, Social Networks, & Related"
"839",2025-08-01,4.29999999999998,"CEU5051620001","Streaming Services, Social Networks, & Related"
"840",2025-09-01,5.80000000000001,"CEU5051620001","Streaming Services, Social Networks, & Related"
"841",2025-10-01,4.5,"CEU5051620001","Streaming Services, Social Networks, & Related"
"842",2025-11-01,4.39999999999998,"CEU5051620001","Streaming Services, Social Networks, & Related"
"843",2025-12-01,5.69999999999999,"CEU5051620001","Streaming Services, Social Networks, & Related"
"844",2026-01-01,2.59999999999999,"CEU5051620001","Streaming Services, Social Networks, & Related"
"845",2026-02-01,1.59999999999999,"CEU5051620001","Streaming Services, Social Networks, & Related"
"846",2026-03-01,1.29999999999998,"CEU5051620001","Streaming Services, Social Networks, & Related"
"847",1991-01-01,1.6,"CEU5051929001","Web Search Portals and All Other Information Services"
"848",1991-02-01,1.6,"CEU5051929001","Web Search Portals and All Other Information Services"
"849",1991-03-01,1.5,"CEU5051929001","Web Search Portals and All Other Information Services"
"850",1991-04-01,1.1,"CEU5051929001","Web Search Portals and All Other Information Services"
"851",1991-05-01,0.900000000000002,"CEU5051929001","Web Search Portals and All Other Information Services"
"852",1991-06-01,0.699999999999999,"CEU5051929001","Web Search Portals and All Other Information Services"
"853",1991-07-01,0.699999999999999,"CEU5051929001","Web Search Portals and All Other Information Services"
"854",1991-08-01,0.5,"CEU5051929001","Web Search Portals and All Other Information Services"
"855",1991-09-01,0.400000000000002,"CEU5051929001","Web Search Portals and All Other Information Services"
"856",1991-10-01,0.600000000000001,"CEU5051929001","Web Search Portals and All Other Information Services"
"857",1991-11-01,0.5,"CEU5051929001","Web Search Portals and All Other Information Services"
"858",1991-12-01,0.599999999999998,"CEU5051929001","Web Search Portals and All Other Information Services"
"859",1992-01-01,0.5,"CEU5051929001","Web Search Portals and All Other Information Services"
"860",1992-02-01,0.5,"CEU5051929001","Web Search Portals and All Other Information Services"
"861",1992-03-01,0.600000000000001,"CEU5051929001","Web Search Portals and All Other Information Services"
"862",1992-04-01,0.400000000000002,"CEU5051929001","Web Search Portals and All Other Information Services"
"863",1992-05-01,0.0999999999999979,"CEU5051929001","Web Search Portals and All Other Information Services"
"864",1992-06-01,-0.199999999999999,"CEU5051929001","Web Search Portals and All Other Information Services"
"865",1992-07-01,-0.5,"CEU5051929001","Web Search Portals and All Other Information Services"
"866",1992-08-01,-0.5,"CEU5051929001","Web Search Portals and All Other Information Services"
"867",1992-09-01,-0.699999999999999,"CEU5051929001","Web Search Portals and All Other Information Services"
"868",1992-10-01,-1,"CEU5051929001","Web Search Portals and All Other Information Services"
"869",1992-11-01,-1.2,"CEU5051929001","Web Search Portals and All Other Information Services"
"870",1992-12-01,-1.5,"CEU5051929001","Web Search Portals and All Other Information Services"
"871",1993-01-01,-1.7,"CEU5051929001","Web Search Portals and All Other Information Services"
"872",1993-02-01,-1.9,"CEU5051929001","Web Search Portals and All Other Information Services"
"873",1993-03-01,-2,"CEU5051929001","Web Search Portals and All Other Information Services"
"874",1993-04-01,-1.7,"CEU5051929001","Web Search Portals and All Other Information Services"
"875",1993-05-01,-1.4,"CEU5051929001","Web Search Portals and All Other Information Services"
"876",1993-06-01,-1,"CEU5051929001","Web Search Portals and All Other Information Services"
"877",1993-07-01,-0.899999999999999,"CEU5051929001","Web Search Portals and All Other Information Services"
"878",1993-08-01,-0.800000000000001,"CEU5051929001","Web Search Portals and All Other Information Services"
"879",1993-09-01,-0.800000000000001,"CEU5051929001","Web Search Portals and All Other Information Services"
"880",1993-10-01,-0.5,"CEU5051929001","Web Search Portals and All Other Information Services"
"881",1993-11-01,-0.199999999999999,"CEU5051929001","Web Search Portals and All Other Information Services"
"882",1993-12-01,-0.0999999999999979,"CEU5051929001","Web Search Portals and All Other Information Services"
"883",1994-01-01,0.199999999999999,"CEU5051929001","Web Search Portals and All Other Information Services"
"884",1994-02-01,0.5,"CEU5051929001","Web Search Portals and All Other Information Services"
"885",1994-03-01,0.699999999999999,"CEU5051929001","Web Search Portals and All Other Information Services"
"886",1994-04-01,1.1,"CEU5051929001","Web Search Portals and All Other Information Services"
"887",1994-05-01,1.3,"CEU5051929001","Web Search Portals and All Other Information Services"
"888",1994-06-01,1.6,"CEU5051929001","Web Search Portals and All Other Information Services"
"889",1994-07-01,2.1,"CEU5051929001","Web Search Portals and All Other Information Services"
"890",1994-08-01,2.4,"CEU5051929001","Web Search Portals and All Other Information Services"
"891",1994-09-01,2.9,"CEU5051929001","Web Search Portals and All Other Information Services"
"892",1994-10-01,3.1,"CEU5051929001","Web Search Portals and All Other Information Services"
"893",1994-11-01,3.4,"CEU5051929001","Web Search Portals and All Other Information Services"
"894",1994-12-01,3.9,"CEU5051929001","Web Search Portals and All Other Information Services"
"895",1995-01-01,4,"CEU5051929001","Web Search Portals and All Other Information Services"
"896",1995-02-01,4.3,"CEU5051929001","Web Search Portals and All Other Information Services"
"897",1995-03-01,4.6,"CEU5051929001","Web Search Portals and All Other Information Services"
"898",1995-04-01,4.3,"CEU5051929001","Web Search Portals and All Other Information Services"
"899",1995-05-01,4.3,"CEU5051929001","Web Search Portals and All Other Information Services"
"900",1995-06-01,4.1,"CEU5051929001","Web Search Portals and All Other Information Services"
"901",1995-07-01,4,"CEU5051929001","Web Search Portals and All Other Information Services"
"902",1995-08-01,4,"CEU5051929001","Web Search Portals and All Other Information Services"
"903",1995-09-01,3.8,"CEU5051929001","Web Search Portals and All Other Information Services"
"904",1995-10-01,3.8,"CEU5051929001","Web Search Portals and All Other Information Services"
"905",1995-11-01,3.6,"CEU5051929001","Web Search Portals and All Other Information Services"
"906",1995-12-01,3.5,"CEU5051929001","Web Search Portals and All Other Information Services"
"907",1996-01-01,3.4,"CEU5051929001","Web Search Portals and All Other Information Services"
"908",1996-02-01,3.5,"CEU5051929001","Web Search Portals and All Other Information Services"
"909",1996-03-01,3.2,"CEU5051929001","Web Search Portals and All Other Information Services"
"910",1996-04-01,3.2,"CEU5051929001","Web Search Portals and All Other Information Services"
"911",1996-05-01,3.1,"CEU5051929001","Web Search Portals and All Other Information Services"
"912",1996-06-01,3.1,"CEU5051929001","Web Search Portals and All Other Information Services"
"913",1996-07-01,2.9,"CEU5051929001","Web Search Portals and All Other Information Services"
"914",1996-08-01,3,"CEU5051929001","Web Search Portals and All Other Information Services"
"915",1996-09-01,2.8,"CEU5051929001","Web Search Portals and All Other Information Services"
"916",1996-10-01,2.7,"CEU5051929001","Web Search Portals and All Other Information Services"
"917",1996-11-01,2.59999999999999,"CEU5051929001","Web Search Portals and All Other Information Services"
"918",1996-12-01,2.5,"CEU5051929001","Web Search Portals and All Other Information Services"
"919",1997-01-01,2.4,"CEU5051929001","Web Search Portals and All Other Information Services"
"920",1997-02-01,2.2,"CEU5051929001","Web Search Portals and All Other Information Services"
"921",1997-03-01,2.40000000000001,"CEU5051929001","Web Search Portals and All Other Information Services"
"922",1997-04-01,2.6,"CEU5051929001","Web Search Portals and All Other Information Services"
"923",1997-05-01,2.8,"CEU5051929001","Web Search Portals and All Other Information Services"
"924",1997-06-01,2.8,"CEU5051929001","Web Search Portals and All Other Information Services"
"925",1997-07-01,2.9,"CEU5051929001","Web Search Portals and All Other Information Services"
"926",1997-08-01,2.7,"CEU5051929001","Web Search Portals and All Other Information Services"
"927",1997-09-01,2.8,"CEU5051929001","Web Search Portals and All Other Information Services"
"928",1997-10-01,3,"CEU5051929001","Web Search Portals and All Other Information Services"
"929",1997-11-01,3.1,"CEU5051929001","Web Search Portals and All Other Information Services"
"930",1997-12-01,3.1,"CEU5051929001","Web Search Portals and All Other Information Services"
"931",1998-01-01,3.3,"CEU5051929001","Web Search Portals and All Other Information Services"
"932",1998-02-01,3.2,"CEU5051929001","Web Search Portals and All Other Information Services"
"933",1998-03-01,3.3,"CEU5051929001","Web Search Portals and All Other Information Services"
"934",1998-04-01,3.3,"CEU5051929001","Web Search Portals and All Other Information Services"
"935",1998-05-01,3.3,"CEU5051929001","Web Search Portals and All Other Information Services"
"936",1998-06-01,3.7,"CEU5051929001","Web Search Portals and All Other Information Services"
"937",1998-07-01,4,"CEU5051929001","Web Search Portals and All Other Information Services"
"938",1998-08-01,4.3,"CEU5051929001","Web Search Portals and All Other Information Services"
"939",1998-09-01,4.6,"CEU5051929001","Web Search Portals and All Other Information Services"
"940",1998-10-01,4.9,"CEU5051929001","Web Search Portals and All Other Information Services"
"941",1998-11-01,5.3,"CEU5051929001","Web Search Portals and All Other Information Services"
"942",1998-12-01,5.8,"CEU5051929001","Web Search Portals and All Other Information Services"
"943",1999-01-01,6.1,"CEU5051929001","Web Search Portals and All Other Information Services"
"944",1999-02-01,6.5,"CEU5051929001","Web Search Portals and All Other Information Services"
"945",1999-03-01,6.6,"CEU5051929001","Web Search Portals and All Other Information Services"
"946",1999-04-01,7.7,"CEU5051929001","Web Search Portals and All Other Information Services"
"947",1999-05-01,9.1,"CEU5051929001","Web Search Portals and All Other Information Services"
"948",1999-06-01,10.2,"CEU5051929001","Web Search Portals and All Other Information Services"
"949",1999-07-01,11.6,"CEU5051929001","Web Search Portals and All Other Information Services"
"950",1999-08-01,12.7,"CEU5051929001","Web Search Portals and All Other Information Services"
"951",1999-09-01,13.8,"CEU5051929001","Web Search Portals and All Other Information Services"
"952",1999-10-01,15.1,"CEU5051929001","Web Search Portals and All Other Information Services"
"953",1999-11-01,16.2,"CEU5051929001","Web Search Portals and All Other Information Services"
"954",1999-12-01,17.4,"CEU5051929001","Web Search Portals and All Other Information Services"
"955",2000-01-01,18.6,"CEU5051929001","Web Search Portals and All Other Information Services"
"956",2000-02-01,19.5,"CEU5051929001","Web Search Portals and All Other Information Services"
"957",2000-03-01,20.7,"CEU5051929001","Web Search Portals and All Other Information Services"
"958",2000-04-01,19.9,"CEU5051929001","Web Search Portals and All Other Information Services"
"959",2000-05-01,17.8,"CEU5051929001","Web Search Portals and All Other Information Services"
"960",2000-06-01,16.6,"CEU5051929001","Web Search Portals and All Other Information Services"
"961",2000-07-01,14.8,"CEU5051929001","Web Search Portals and All Other Information Services"
"962",2000-08-01,13.1,"CEU5051929001","Web Search Portals and All Other Information Services"
"963",2000-09-01,11.3,"CEU5051929001","Web Search Portals and All Other Information Services"
"964",2000-10-01,9.1,"CEU5051929001","Web Search Portals and All Other Information Services"
"965",2000-11-01,7.9,"CEU5051929001","Web Search Portals and All Other Information Services"
"966",2000-12-01,6.10000000000001,"CEU5051929001","Web Search Portals and All Other Information Services"
"967",2001-01-01,4.3,"CEU5051929001","Web Search Portals and All Other Information Services"
"968",2001-02-01,1.8,"CEU5051929001","Web Search Portals and All Other Information Services"
"969",2001-03-01,-0.200000000000003,"CEU5051929001","Web Search Portals and All Other Information Services"
"970",2001-04-01,-2,"CEU5051929001","Web Search Portals and All Other Information Services"
"971",2001-05-01,-2.8,"CEU5051929001","Web Search Portals and All Other Information Services"
"972",2001-06-01,-4.5,"CEU5051929001","Web Search Portals and All Other Information Services"
"973",2001-07-01,-5.00000000000001,"CEU5051929001","Web Search Portals and All Other Information Services"
"974",2001-08-01,-6.3,"CEU5051929001","Web Search Portals and All Other Information Services"
"975",2001-09-01,-7.4,"CEU5051929001","Web Search Portals and All Other Information Services"
"976",2001-10-01,-8.7,"CEU5051929001","Web Search Portals and All Other Information Services"
"977",2001-11-01,-10.3,"CEU5051929001","Web Search Portals and All Other Information Services"
"978",2001-12-01,-11.2,"CEU5051929001","Web Search Portals and All Other Information Services"
"979",2002-01-01,-12.1,"CEU5051929001","Web Search Portals and All Other Information Services"
"980",2002-02-01,-12,"CEU5051929001","Web Search Portals and All Other Information Services"
"981",2002-03-01,-12.3,"CEU5051929001","Web Search Portals and All Other Information Services"
"982",2002-04-01,-11.7,"CEU5051929001","Web Search Portals and All Other Information Services"
"983",2002-05-01,-10.6,"CEU5051929001","Web Search Portals and All Other Information Services"
"984",2002-06-01,-9.7,"CEU5051929001","Web Search Portals and All Other Information Services"
"985",2002-07-01,-9.4,"CEU5051929001","Web Search Portals and All Other Information Services"
"986",2002-08-01,-8.5,"CEU5051929001","Web Search Portals and All Other Information Services"
"987",2002-09-01,-8.3,"CEU5051929001","Web Search Portals and All Other Information Services"
"988",2002-10-01,-6.7,"CEU5051929001","Web Search Portals and All Other Information Services"
"989",2002-11-01,-6.1,"CEU5051929001","Web Search Portals and All Other Information Services"
"990",2002-12-01,-6.2,"CEU5051929001","Web Search Portals and All Other Information Services"
"991",2003-01-01,-5.3,"CEU5051929001","Web Search Portals and All Other Information Services"
"992",2003-02-01,-4.59999999999999,"CEU5051929001","Web Search Portals and All Other Information Services"
"993",2003-03-01,-4,"CEU5051929001","Web Search Portals and All Other Information Services"
"994",2003-04-01,-3.59999999999999,"CEU5051929001","Web Search Portals and All Other Information Services"
"995",2003-05-01,-4.09999999999999,"CEU5051929001","Web Search Portals and All Other Information Services"
"996",2003-06-01,-3.7,"CEU5051929001","Web Search Portals and All Other Information Services"
"997",2003-07-01,-3.4,"CEU5051929001","Web Search Portals and All Other Information Services"
"998",2003-08-01,-2.8,"CEU5051929001","Web Search Portals and All Other Information Services"
"999",2003-09-01,-1.9,"CEU5051929001","Web Search Portals and All Other Information Services"
"1000",2003-10-01,-2,"CEU5051929001","Web Search Portals and All Other Information Services"
"1001",2003-11-01,-1.6,"CEU5051929001","Web Search Portals and All Other Information Services"
"1002",2003-12-01,-0.899999999999999,"CEU5051929001","Web Search Portals and All Other Information Services"
"1003",2004-01-01,-1.3,"CEU5051929001","Web Search Portals and All Other Information Services"
"1004",2004-02-01,-0.5,"CEU5051929001","Web Search Portals and All Other Information Services"
"1005",2004-03-01,-0.199999999999996,"CEU5051929001","Web Search Portals and All Other Information Services"
"1006",2004-04-01,0.5,"CEU5051929001","Web Search Portals and All Other Information Services"
"1007",2004-05-01,1.3,"CEU5051929001","Web Search Portals and All Other Information Services"
"1008",2004-06-01,1.7,"CEU5051929001","Web Search Portals and All Other Information Services"
"1009",2004-07-01,1,"CEU5051929001","Web Search Portals and All Other Information Services"
"1010",2004-08-01,1.2,"CEU5051929001","Web Search Portals and All Other Information Services"
"1011",2004-09-01,0.799999999999997,"CEU5051929001","Web Search Portals and All Other Information Services"
"1012",2004-10-01,0.600000000000001,"CEU5051929001","Web Search Portals and All Other Information Services"
"1013",2004-11-01,0.600000000000001,"CEU5051929001","Web Search Portals and All Other Information Services"
"1014",2004-12-01,0.699999999999996,"CEU5051929001","Web Search Portals and All Other Information Services"
"1015",2005-01-01,1.4,"CEU5051929001","Web Search Portals and All Other Information Services"
"1016",2005-02-01,0.399999999999999,"CEU5051929001","Web Search Portals and All Other Information Services"
"1017",2005-03-01,0.100000000000001,"CEU5051929001","Web Search Portals and All Other Information Services"
"1018",2005-04-01,-0.5,"CEU5051929001","Web Search Portals and All Other Information Services"
"1019",2005-05-01,-0.399999999999999,"CEU5051929001","Web Search Portals and All Other Information Services"
"1020",2005-06-01,-0.5,"CEU5051929001","Web Search Portals and All Other Information Services"
"1021",2005-07-01,0,"CEU5051929001","Web Search Portals and All Other Information Services"
"1022",2005-08-01,0.100000000000001,"CEU5051929001","Web Search Portals and All Other Information Services"
"1023",2005-09-01,0.600000000000001,"CEU5051929001","Web Search Portals and All Other Information Services"
"1024",2005-10-01,0.5,"CEU5051929001","Web Search Portals and All Other Information Services"
"1025",2005-11-01,1.1,"CEU5051929001","Web Search Portals and All Other Information Services"
"1026",2005-12-01,1.3,"CEU5051929001","Web Search Portals and All Other Information Services"
"1027",2006-01-01,1.4,"CEU5051929001","Web Search Portals and All Other Information Services"
"1028",2006-02-01,2.1,"CEU5051929001","Web Search Portals and All Other Information Services"
"1029",2006-03-01,2,"CEU5051929001","Web Search Portals and All Other Information Services"
"1030",2006-04-01,2.4,"CEU5051929001","Web Search Portals and All Other Information Services"
"1031",2006-05-01,2.3,"CEU5051929001","Web Search Portals and All Other Information Services"
"1032",2006-06-01,1.5,"CEU5051929001","Web Search Portals and All Other Information Services"
"1033",2006-07-01,0.799999999999997,"CEU5051929001","Web Search Portals and All Other Information Services"
"1034",2006-08-01,0.600000000000001,"CEU5051929001","Web Search Portals and All Other Information Services"
"1035",2006-09-01,0.5,"CEU5051929001","Web Search Portals and All Other Information Services"
"1036",2006-10-01,0.800000000000004,"CEU5051929001","Web Search Portals and All Other Information Services"
"1037",2006-11-01,0.100000000000001,"CEU5051929001","Web Search Portals and All Other Information Services"
"1038",2006-12-01,0.699999999999996,"CEU5051929001","Web Search Portals and All Other Information Services"
"1039",2007-01-01,-0.100000000000001,"CEU5051929001","Web Search Portals and All Other Information Services"
"1040",2007-02-01,-0.200000000000003,"CEU5051929001","Web Search Portals and All Other Information Services"
"1041",2007-03-01,0.299999999999997,"CEU5051929001","Web Search Portals and All Other Information Services"
"1042",2007-04-01,0.799999999999997,"CEU5051929001","Web Search Portals and All Other Information Services"
"1043",2007-05-01,1.4,"CEU5051929001","Web Search Portals and All Other Information Services"
"1044",2007-06-01,2.4,"CEU5051929001","Web Search Portals and All Other Information Services"
"1045",2007-07-01,3.2,"CEU5051929001","Web Search Portals and All Other Information Services"
"1046",2007-08-01,3.6,"CEU5051929001","Web Search Portals and All Other Information Services"
"1047",2007-09-01,4,"CEU5051929001","Web Search Portals and All Other Information Services"
"1048",2007-10-01,4.59999999999999,"CEU5051929001","Web Search Portals and All Other Information Services"
"1049",2007-11-01,4.5,"CEU5051929001","Web Search Portals and All Other Information Services"
"1050",2007-12-01,3.90000000000001,"CEU5051929001","Web Search Portals and All Other Information Services"
"1051",2008-01-01,4.7,"CEU5051929001","Web Search Portals and All Other Information Services"
"1052",2008-02-01,5.1,"CEU5051929001","Web Search Portals and All Other Information Services"
"1053",2008-03-01,5.1,"CEU5051929001","Web Search Portals and All Other Information Services"
"1054",2008-04-01,3.9,"CEU5051929001","Web Search Portals and All Other Information Services"
"1055",2008-05-01,2.7,"CEU5051929001","Web Search Portals and All Other Information Services"
"1056",2008-06-01,2.2,"CEU5051929001","Web Search Portals and All Other Information Services"
"1057",2008-07-01,2.3,"CEU5051929001","Web Search Portals and All Other Information Services"
"1058",2008-08-01,2.1,"CEU5051929001","Web Search Portals and All Other Information Services"
"1059",2008-09-01,1.6,"CEU5051929001","Web Search Portals and All Other Information Services"
"1060",2008-10-01,1.5,"CEU5051929001","Web Search Portals and All Other Information Services"
"1061",2008-11-01,1.9,"CEU5051929001","Web Search Portals and All Other Information Services"
"1062",2008-12-01,2.5,"CEU5051929001","Web Search Portals and All Other Information Services"
"1063",2009-01-01,1.6,"CEU5051929001","Web Search Portals and All Other Information Services"
"1064",2009-02-01,0.899999999999999,"CEU5051929001","Web Search Portals and All Other Information Services"
"1065",2009-03-01,-0.100000000000001,"CEU5051929001","Web Search Portals and All Other Information Services"
"1066",2009-04-01,-0.0999999999999943,"CEU5051929001","Web Search Portals and All Other Information Services"
"1067",2009-05-01,0.5,"CEU5051929001","Web Search Portals and All Other Information Services"
"1068",2009-06-01,1.5,"CEU5051929001","Web Search Portals and All Other Information Services"
"1069",2009-07-01,0.700000000000003,"CEU5051929001","Web Search Portals and All Other Information Services"
"1070",2009-08-01,-0.100000000000001,"CEU5051929001","Web Search Portals and All Other Information Services"
"1071",2009-09-01,0.299999999999997,"CEU5051929001","Web Search Portals and All Other Information Services"
"1072",2009-10-01,0.800000000000004,"CEU5051929001","Web Search Portals and All Other Information Services"
"1073",2009-11-01,0.5,"CEU5051929001","Web Search Portals and All Other Information Services"
"1074",2009-12-01,0.399999999999999,"CEU5051929001","Web Search Portals and All Other Information Services"
"1075",2010-01-01,0.699999999999996,"CEU5051929001","Web Search Portals and All Other Information Services"
"1076",2010-02-01,1.1,"CEU5051929001","Web Search Portals and All Other Information Services"
"1077",2010-03-01,1.6,"CEU5051929001","Web Search Portals and All Other Information Services"
"1078",2010-04-01,2.4,"CEU5051929001","Web Search Portals and All Other Information Services"
"1079",2010-05-01,2.7,"CEU5051929001","Web Search Portals and All Other Information Services"
"1080",2010-06-01,2.2,"CEU5051929001","Web Search Portals and All Other Information Services"
"1081",2010-07-01,3.3,"CEU5051929001","Web Search Portals and All Other Information Services"
"1082",2010-08-01,4,"CEU5051929001","Web Search Portals and All Other Information Services"
"1083",2010-09-01,4,"CEU5051929001","Web Search Portals and All Other Information Services"
"1084",2010-10-01,3,"CEU5051929001","Web Search Portals and All Other Information Services"
"1085",2010-11-01,3.8,"CEU5051929001","Web Search Portals and All Other Information Services"
"1086",2010-12-01,3.4,"CEU5051929001","Web Search Portals and All Other Information Services"
"1087",2011-01-01,4.1,"CEU5051929001","Web Search Portals and All Other Information Services"
"1088",2011-02-01,4.5,"CEU5051929001","Web Search Portals and All Other Information Services"
"1089",2011-03-01,5,"CEU5051929001","Web Search Portals and All Other Information Services"
"1090",2011-04-01,6.4,"CEU5051929001","Web Search Portals and All Other Information Services"
"1091",2011-05-01,6.89999999999999,"CEU5051929001","Web Search Portals and All Other Information Services"
"1092",2011-06-01,8.6,"CEU5051929001","Web Search Portals and All Other Information Services"
"1093",2011-07-01,8.9,"CEU5051929001","Web Search Portals and All Other Information Services"
"1094",2011-08-01,9.2,"CEU5051929001","Web Search Portals and All Other Information Services"
"1095",2011-09-01,9,"CEU5051929001","Web Search Portals and All Other Information Services"
"1096",2011-10-01,9.8,"CEU5051929001","Web Search Portals and All Other Information Services"
"1097",2011-11-01,9.40000000000001,"CEU5051929001","Web Search Portals and All Other Information Services"
"1098",2011-12-01,10,"CEU5051929001","Web Search Portals and All Other Information Services"
"1099",2012-01-01,9.1,"CEU5051929001","Web Search Portals and All Other Information Services"
"1100",2012-02-01,8.7,"CEU5051929001","Web Search Portals and All Other Information Services"
"1101",2012-03-01,8.8,"CEU5051929001","Web Search Portals and All Other Information Services"
"1102",2012-04-01,7,"CEU5051929001","Web Search Portals and All Other Information Services"
"1103",2012-05-01,6.80000000000001,"CEU5051929001","Web Search Portals and All Other Information Services"
"1104",2012-06-01,5.7,"CEU5051929001","Web Search Portals and All Other Information Services"
"1105",2012-07-01,6,"CEU5051929001","Web Search Portals and All Other Information Services"
"1106",2012-08-01,6.10000000000001,"CEU5051929001","Web Search Portals and All Other Information Services"
"1107",2012-09-01,6.3,"CEU5051929001","Web Search Portals and All Other Information Services"
"1108",2012-10-01,6.59999999999999,"CEU5051929001","Web Search Portals and All Other Information Services"
"1109",2012-11-01,7.2,"CEU5051929001","Web Search Portals and All Other Information Services"
"1110",2012-12-01,7.59999999999999,"CEU5051929001","Web Search Portals and All Other Information Services"
"1111",2013-01-01,7.40000000000001,"CEU5051929001","Web Search Portals and All Other Information Services"
"1112",2013-02-01,7.60000000000001,"CEU5051929001","Web Search Portals and All Other Information Services"
"1113",2013-03-01,7.5,"CEU5051929001","Web Search Portals and All Other Information Services"
"1114",2013-04-01,8,"CEU5051929001","Web Search Portals and All Other Information Services"
"1115",2013-05-01,8.19999999999999,"CEU5051929001","Web Search Portals and All Other Information Services"
"1116",2013-06-01,7.89999999999999,"CEU5051929001","Web Search Portals and All Other Information Services"
"1117",2013-07-01,8.2,"CEU5051929001","Web Search Portals and All Other Information Services"
"1118",2013-08-01,8.69999999999999,"CEU5051929001","Web Search Portals and All Other Information Services"
"1119",2013-09-01,7.90000000000001,"CEU5051929001","Web Search Portals and All Other Information Services"
"1120",2013-10-01,8.3,"CEU5051929001","Web Search Portals and All Other Information Services"
"1121",2013-11-01,7.59999999999999,"CEU5051929001","Web Search Portals and All Other Information Services"
"1122",2013-12-01,7.10000000000001,"CEU5051929001","Web Search Portals and All Other Information Services"
"1123",2014-01-01,8.69999999999999,"CEU5051929001","Web Search Portals and All Other Information Services"
"1124",2014-02-01,8.5,"CEU5051929001","Web Search Portals and All Other Information Services"
"1125",2014-03-01,8.59999999999999,"CEU5051929001","Web Search Portals and All Other Information Services"
"1126",2014-04-01,8.5,"CEU5051929001","Web Search Portals and All Other Information Services"
"1127",2014-05-01,8.2,"CEU5051929001","Web Search Portals and All Other Information Services"
"1128",2014-06-01,9.30000000000001,"CEU5051929001","Web Search Portals and All Other Information Services"
"1129",2014-07-01,9.3,"CEU5051929001","Web Search Portals and All Other Information Services"
"1130",2014-08-01,9.7,"CEU5051929001","Web Search Portals and All Other Information Services"
"1131",2014-09-01,10.5,"CEU5051929001","Web Search Portals and All Other Information Services"
"1132",2014-10-01,10.3,"CEU5051929001","Web Search Portals and All Other Information Services"
"1133",2014-11-01,10.9,"CEU5051929001","Web Search Portals and All Other Information Services"
"1134",2014-12-01,11.5,"CEU5051929001","Web Search Portals and All Other Information Services"
"1135",2015-01-01,11.9,"CEU5051929001","Web Search Portals and All Other Information Services"
"1136",2015-02-01,10.9,"CEU5051929001","Web Search Portals and All Other Information Services"
"1137",2015-03-01,10.8,"CEU5051929001","Web Search Portals and All Other Information Services"
"1138",2015-04-01,10.6,"CEU5051929001","Web Search Portals and All Other Information Services"
"1139",2015-05-01,9.8,"CEU5051929001","Web Search Portals and All Other Information Services"
"1140",2015-06-01,9.89999999999999,"CEU5051929001","Web Search Portals and All Other Information Services"
"1141",2015-07-01,9.7,"CEU5051929001","Web Search Portals and All Other Information Services"
"1142",2015-08-01,8.3,"CEU5051929001","Web Search Portals and All Other Information Services"
"1143",2015-09-01,7.89999999999999,"CEU5051929001","Web Search Portals and All Other Information Services"
"1144",2015-10-01,7.60000000000001,"CEU5051929001","Web Search Portals and All Other Information Services"
"1145",2015-11-01,7.8,"CEU5051929001","Web Search Portals and All Other Information Services"
"1146",2015-12-01,7,"CEU5051929001","Web Search Portals and All Other Information Services"
"1147",2016-01-01,6.59999999999999,"CEU5051929001","Web Search Portals and All Other Information Services"
"1148",2016-02-01,8.60000000000001,"CEU5051929001","Web Search Portals and All Other Information Services"
"1149",2016-03-01,8.10000000000001,"CEU5051929001","Web Search Portals and All Other Information Services"
"1150",2016-04-01,7.80000000000001,"CEU5051929001","Web Search Portals and All Other Information Services"
"1151",2016-05-01,8.90000000000001,"CEU5051929001","Web Search Portals and All Other Information Services"
"1152",2016-06-01,9.3,"CEU5051929001","Web Search Portals and All Other Information Services"
"1153",2016-07-01,8.59999999999999,"CEU5051929001","Web Search Portals and All Other Information Services"
"1154",2016-08-01,9.2,"CEU5051929001","Web Search Portals and All Other Information Services"
"1155",2016-09-01,9.80000000000001,"CEU5051929001","Web Search Portals and All Other Information Services"
"1156",2016-10-01,9.3,"CEU5051929001","Web Search Portals and All Other Information Services"
"1157",2016-11-01,8.8,"CEU5051929001","Web Search Portals and All Other Information Services"
"1158",2016-12-01,9.3,"CEU5051929001","Web Search Portals and All Other Information Services"
"1159",2017-01-01,9,"CEU5051929001","Web Search Portals and All Other Information Services"
"1160",2017-02-01,8.3,"CEU5051929001","Web Search Portals and All Other Information Services"
"1161",2017-03-01,9.19999999999999,"CEU5051929001","Web Search Portals and All Other Information Services"
"1162",2017-04-01,10,"CEU5051929001","Web Search Portals and All Other Information Services"
"1163",2017-05-01,9.8,"CEU5051929001","Web Search Portals and All Other Information Services"
"1164",2017-06-01,10.3,"CEU5051929001","Web Search Portals and All Other Information Services"
"1165",2017-07-01,10.6,"CEU5051929001","Web Search Portals and All Other Information Services"
"1166",2017-08-01,11.1,"CEU5051929001","Web Search Portals and All Other Information Services"
"1167",2017-09-01,9.59999999999999,"CEU5051929001","Web Search Portals and All Other Information Services"
"1168",2017-10-01,9.40000000000001,"CEU5051929001","Web Search Portals and All Other Information Services"
"1169",2017-11-01,9.8,"CEU5051929001","Web Search Portals and All Other Information Services"
"1170",2017-12-01,10.5,"CEU5051929001","Web Search Portals and All Other Information Services"
"1171",2018-01-01,9.10000000000001,"CEU5051929001","Web Search Portals and All Other Information Services"
"1172",2018-02-01,9.5,"CEU5051929001","Web Search Portals and All Other Information Services"
"1173",2018-03-01,9.2,"CEU5051929001","Web Search Portals and All Other Information Services"
"1174",2018-04-01,9.19999999999999,"CEU5051929001","Web Search Portals and All Other Information Services"
"1175",2018-05-01,8.2,"CEU5051929001","Web Search Portals and All Other Information Services"
"1176",2018-06-01,8.79999999999998,"CEU5051929001","Web Search Portals and All Other Information Services"
"1177",2018-07-01,9.60000000000001,"CEU5051929001","Web Search Portals and All Other Information Services"
"1178",2018-08-01,9.09999999999999,"CEU5051929001","Web Search Portals and All Other Information Services"
"1179",2018-09-01,8.90000000000001,"CEU5051929001","Web Search Portals and All Other Information Services"
"1180",2018-10-01,10.6,"CEU5051929001","Web Search Portals and All Other Information Services"
"1181",2018-11-01,11.5,"CEU5051929001","Web Search Portals and All Other Information Services"
"1182",2018-12-01,11,"CEU5051929001","Web Search Portals and All Other Information Services"
"1183",2019-01-01,10.6,"CEU5051929001","Web Search Portals and All Other Information Services"
"1184",2019-02-01,11.5,"CEU5051929001","Web Search Portals and All Other Information Services"
"1185",2019-03-01,10.9,"CEU5051929001","Web Search Portals and All Other Information Services"
"1186",2019-04-01,12.4,"CEU5051929001","Web Search Portals and All Other Information Services"
"1187",2019-05-01,13.3,"CEU5051929001","Web Search Portals and All Other Information Services"
"1188",2019-06-01,11.6,"CEU5051929001","Web Search Portals and All Other Information Services"
"1189",2019-07-01,11.5,"CEU5051929001","Web Search Portals and All Other Information Services"
"1190",2019-08-01,12.5,"CEU5051929001","Web Search Portals and All Other Information Services"
"1191",2019-09-01,12.6,"CEU5051929001","Web Search Portals and All Other Information Services"
"1192",2019-10-01,11.3,"CEU5051929001","Web Search Portals and All Other Information Services"
"1193",2019-11-01,11.1,"CEU5051929001","Web Search Portals and All Other Information Services"
"1194",2019-12-01,10.5,"CEU5051929001","Web Search Portals and All Other Information Services"
"1195",2020-01-01,12.3,"CEU5051929001","Web Search Portals and All Other Information Services"
"1196",2020-02-01,10.8,"CEU5051929001","Web Search Portals and All Other Information Services"
"1197",2020-03-01,12,"CEU5051929001","Web Search Portals and All Other Information Services"
"1198",2020-04-01,9,"CEU5051929001","Web Search Portals and All Other Information Services"
"1199",2020-05-01,6.39999999999998,"CEU5051929001","Web Search Portals and All Other Information Services"
"1200",2020-06-01,7.09999999999999,"CEU5051929001","Web Search Portals and All Other Information Services"
"1201",2020-07-01,6.5,"CEU5051929001","Web Search Portals and All Other Information Services"
"1202",2020-08-01,4.80000000000001,"CEU5051929001","Web Search Portals and All Other Information Services"
"1203",2020-09-01,6.09999999999999,"CEU5051929001","Web Search Portals and All Other Information Services"
"1204",2020-10-01,5.09999999999999,"CEU5051929001","Web Search Portals and All Other Information Services"
"1205",2020-11-01,4.79999999999998,"CEU5051929001","Web Search Portals and All Other Information Services"
"1206",2020-12-01,4.69999999999999,"CEU5051929001","Web Search Portals and All Other Information Services"
"1207",2021-01-01,5.09999999999999,"CEU5051929001","Web Search Portals and All Other Information Services"
"1208",2021-02-01,5.19999999999999,"CEU5051929001","Web Search Portals and All Other Information Services"
"1209",2021-03-01,5.30000000000001,"CEU5051929001","Web Search Portals and All Other Information Services"
"1210",2021-04-01,5.80000000000001,"CEU5051929001","Web Search Portals and All Other Information Services"
"1211",2021-05-01,8.40000000000001,"CEU5051929001","Web Search Portals and All Other Information Services"
"1212",2021-06-01,5.59999999999999,"CEU5051929001","Web Search Portals and All Other Information Services"
"1213",2021-07-01,6.09999999999999,"CEU5051929001","Web Search Portals and All Other Information Services"
"1214",2021-08-01,6.19999999999999,"CEU5051929001","Web Search Portals and All Other Information Services"
"1215",2021-09-01,3,"CEU5051929001","Web Search Portals and All Other Information Services"
"1216",2021-10-01,1,"CEU5051929001","Web Search Portals and All Other Information Services"
"1217",2021-11-01,0.800000000000011,"CEU5051929001","Web Search Portals and All Other Information Services"
"1218",2021-12-01,-1.39999999999998,"CEU5051929001","Web Search Portals and All Other Information Services"
"1219",2022-01-01,-2.69999999999999,"CEU5051929001","Web Search Portals and All Other Information Services"
"1220",2022-02-01,-4,"CEU5051929001","Web Search Portals and All Other Information Services"
"1221",2022-03-01,-3.19999999999999,"CEU5051929001","Web Search Portals and All Other Information Services"
"1222",2022-04-01,-2.40000000000001,"CEU5051929001","Web Search Portals and All Other Information Services"
"1223",2022-05-01,-2.59999999999999,"CEU5051929001","Web Search Portals and All Other Information Services"
"1224",2022-06-01,1.5,"CEU5051929001","Web Search Portals and All Other Information Services"
"1225",2022-07-01,4.29999999999998,"CEU5051929001","Web Search Portals and All Other Information Services"
"1226",2022-08-01,4.80000000000001,"CEU5051929001","Web Search Portals and All Other Information Services"
"1227",2022-09-01,7.59999999999999,"CEU5051929001","Web Search Portals and All Other Information Services"
"1228",2022-10-01,11.2,"CEU5051929001","Web Search Portals and All Other Information Services"
"1229",2022-11-01,10.6,"CEU5051929001","Web Search Portals and All Other Information Services"
"1230",2022-12-01,12.1,"CEU5051929001","Web Search Portals and All Other Information Services"
"1231",2023-01-01,11.7,"CEU5051929001","Web Search Portals and All Other Information Services"
"1232",2023-02-01,7.40000000000001,"CEU5051929001","Web Search Portals and All Other Information Services"
"1233",2023-03-01,7.29999999999998,"CEU5051929001","Web Search Portals and All Other Information Services"
"1234",2023-04-01,1.19999999999999,"CEU5051929001","Web Search Portals and All Other Information Services"
"1235",2023-05-01,-2.5,"CEU5051929001","Web Search Portals and All Other Information Services"
"1236",2023-06-01,-5.69999999999999,"CEU5051929001","Web Search Portals and All Other Information Services"
"1237",2023-07-01,-7.79999999999998,"CEU5051929001","Web Search Portals and All Other Information Services"
"1238",2023-08-01,-7.80000000000001,"CEU5051929001","Web Search Portals and All Other Information Services"
"1239",2023-09-01,-7.39999999999998,"CEU5051929001","Web Search Portals and All Other Information Services"
"1240",2023-10-01,-8,"CEU5051929001","Web Search Portals and All Other Information Services"
"1241",2023-11-01,-8.19999999999999,"CEU5051929001","Web Search Portals and All Other Information Services"
"1242",2023-12-01,-7.40000000000001,"CEU5051929001","Web Search Portals and All Other Information Services"
"1243",2024-01-01,-6.09999999999999,"CEU5051929001","Web Search Portals and All Other Information Services"
"1244",2024-02-01,-0.299999999999983,"CEU5051929001","Web Search Portals and All Other Information Services"
"1245",2024-03-01,-2.69999999999999,"CEU5051929001","Web Search Portals and All Other Information Services"
"1246",2024-04-01,1.40000000000001,"CEU5051929001","Web Search Portals and All Other Information Services"
"1247",2024-05-01,2.59999999999999,"CEU5051929001","Web Search Portals and All Other Information Services"
"1248",2024-06-01,5.09999999999999,"CEU5051929001","Web Search Portals and All Other Information Services"
"1249",2024-07-01,1.69999999999999,"CEU5051929001","Web Search Portals and All Other Information Services"
"1250",2024-08-01,1.59999999999999,"CEU5051929001","Web Search Portals and All Other Information Services"
"1251",2024-09-01,0.0999999999999943,"CEU5051929001","Web Search Portals and All Other Information Services"
"1252",2024-10-01,0.599999999999994,"CEU5051929001","Web Search Portals and All Other Information Services"
"1253",2024-11-01,0.599999999999994,"CEU5051929001","Web Search Portals and All Other Information Services"
"1254",2024-12-01,-1.40000000000001,"CEU5051929001","Web Search Portals and All Other Information Services"
"1255",2025-01-01,-1.29999999999998,"CEU5051929001","Web Search Portals and All Other Information Services"
"1256",2025-02-01,-4.90000000000001,"CEU5051929001","Web Search Portals and All Other Information Services"
"1257",2025-03-01,-4.40000000000001,"CEU5051929001","Web Search Portals and All Other Information Services"
"1258",2025-04-01,-3.5,"CEU5051929001","Web Search Portals and All Other Information Services"
"1259",2025-05-01,-1.29999999999998,"CEU5051929001","Web Search Portals and All Other Information Services"
"1260",2025-06-01,-3,"CEU5051929001","Web Search Portals and All Other Information Services"
"1261",2025-07-01,-0.799999999999983,"CEU5051929001","Web Search Portals and All Other Information Services"
"1262",2025-08-01,3,"CEU5051929001","Web Search Portals and All Other Information Services"
"1263",2025-09-01,1.40000000000001,"CEU5051929001","Web Search Portals and All Other Information Services"
"1264",2025-10-01,0.400000000000006,"CEU5051929001","Web Search Portals and All Other Information Services"
"1265",2025-11-01,0.599999999999994,"CEU5051929001","Web Search Portals and All Other Information Services"
"1266",2025-12-01,-1.19999999999999,"CEU5051929001","Web Search Portals and All Other Information Services"
"1267",2026-01-01,-4.90000000000001,"CEU5051929001","Web Search Portals and All Other Information Services"
"1268",2026-02-01,-2.20000000000002,"CEU5051929001","Web Search Portals and All Other Information Services"
"1269",2026-03-01,-0.699999999999989,"CEU5051929001","Web Search Portals and All Other Information Services"
"1270",1991-01-01,10.9,"CEU5051320001","Software Publishers"
"1271",1991-02-01,11.3,"CEU5051320001","Software Publishers"
"1272",1991-03-01,11.3,"CEU5051320001","Software Publishers"
"1273",1991-04-01,10.8,"CEU5051320001","Software Publishers"
"1274",1991-05-01,9.90000000000001,"CEU5051320001","Software Publishers"
"1275",1991-06-01,10.1,"CEU5051320001","Software Publishers"
"1276",1991-07-01,9.90000000000001,"CEU5051320001","Software Publishers"
"1277",1991-08-01,8.80000000000001,"CEU5051320001","Software Publishers"
"1278",1991-09-01,9.5,"CEU5051320001","Software Publishers"
"1279",1991-10-01,9.60000000000001,"CEU5051320001","Software Publishers"
"1280",1991-11-01,9.10000000000001,"CEU5051320001","Software Publishers"
"1281",1991-12-01,9.40000000000001,"CEU5051320001","Software Publishers"
"1282",1992-01-01,7.60000000000001,"CEU5051320001","Software Publishers"
"1283",1992-02-01,6.39999999999999,"CEU5051320001","Software Publishers"
"1284",1992-03-01,6.5,"CEU5051320001","Software Publishers"
"1285",1992-04-01,6.60000000000001,"CEU5051320001","Software Publishers"
"1286",1992-05-01,5.89999999999999,"CEU5051320001","Software Publishers"
"1287",1992-06-01,5.69999999999999,"CEU5051320001","Software Publishers"
"1288",1992-07-01,5.7,"CEU5051320001","Software Publishers"
"1289",1992-08-01,4.69999999999999,"CEU5051320001","Software Publishers"
"1290",1992-09-01,3.7,"CEU5051320001","Software Publishers"
"1291",1992-10-01,4.5,"CEU5051320001","Software Publishers"
"1292",1992-11-01,4.8,"CEU5051320001","Software Publishers"
"1293",1992-12-01,4.69999999999999,"CEU5051320001","Software Publishers"
"1294",1993-01-01,8.3,"CEU5051320001","Software Publishers"
"1295",1993-02-01,9.7,"CEU5051320001","Software Publishers"
"1296",1993-03-01,9.8,"CEU5051320001","Software Publishers"
"1297",1993-04-01,10.3,"CEU5051320001","Software Publishers"
"1298",1993-05-01,11.2,"CEU5051320001","Software Publishers"
"1299",1993-06-01,10.8,"CEU5051320001","Software Publishers"
"1300",1993-07-01,12,"CEU5051320001","Software Publishers"
"1301",1993-08-01,14.2,"CEU5051320001","Software Publishers"
"1302",1993-09-01,15,"CEU5051320001","Software Publishers"
"1303",1993-10-01,15.1,"CEU5051320001","Software Publishers"
"1304",1993-11-01,14.7,"CEU5051320001","Software Publishers"
"1305",1993-12-01,14.6,"CEU5051320001","Software Publishers"
"1306",1994-01-01,12.3,"CEU5051320001","Software Publishers"
"1307",1994-02-01,12.1,"CEU5051320001","Software Publishers"
"1308",1994-03-01,11.2,"CEU5051320001","Software Publishers"
"1309",1994-04-01,10.2,"CEU5051320001","Software Publishers"
"1310",1994-05-01,9.3,"CEU5051320001","Software Publishers"
"1311",1994-06-01,9.29999999999998,"CEU5051320001","Software Publishers"
"1312",1994-07-01,9.3,"CEU5051320001","Software Publishers"
"1313",1994-08-01,8.89999999999998,"CEU5051320001","Software Publishers"
"1314",1994-09-01,11.9,"CEU5051320001","Software Publishers"
"1315",1994-10-01,10.6,"CEU5051320001","Software Publishers"
"1316",1994-11-01,12.1,"CEU5051320001","Software Publishers"
"1317",1994-12-01,13.3,"CEU5051320001","Software Publishers"
"1318",1995-01-01,13.3,"CEU5051320001","Software Publishers"
"1319",1995-02-01,14.9,"CEU5051320001","Software Publishers"
"1320",1995-03-01,17.7,"CEU5051320001","Software Publishers"
"1321",1995-04-01,19.8,"CEU5051320001","Software Publishers"
"1322",1995-05-01,20.6,"CEU5051320001","Software Publishers"
"1323",1995-06-01,22.3,"CEU5051320001","Software Publishers"
"1324",1995-07-01,22.3,"CEU5051320001","Software Publishers"
"1325",1995-08-01,23.5,"CEU5051320001","Software Publishers"
"1326",1995-09-01,22.4,"CEU5051320001","Software Publishers"
"1327",1995-10-01,22.3,"CEU5051320001","Software Publishers"
"1328",1995-11-01,22.8,"CEU5051320001","Software Publishers"
"1329",1995-12-01,22.9,"CEU5051320001","Software Publishers"
"1330",1996-01-01,21.9,"CEU5051320001","Software Publishers"
"1331",1996-02-01,21,"CEU5051320001","Software Publishers"
"1332",1996-03-01,18.9,"CEU5051320001","Software Publishers"
"1333",1996-04-01,17.5,"CEU5051320001","Software Publishers"
"1334",1996-05-01,16.7,"CEU5051320001","Software Publishers"
"1335",1996-06-01,14.7,"CEU5051320001","Software Publishers"
"1336",1996-07-01,15.4,"CEU5051320001","Software Publishers"
"1337",1996-08-01,16.3,"CEU5051320001","Software Publishers"
"1338",1996-09-01,15.6,"CEU5051320001","Software Publishers"
"1339",1996-10-01,18,"CEU5051320001","Software Publishers"
"1340",1996-11-01,17.8,"CEU5051320001","Software Publishers"
"1341",1996-12-01,17.3,"CEU5051320001","Software Publishers"
"1342",1997-01-01,18.5,"CEU5051320001","Software Publishers"
"1343",1997-02-01,19.9,"CEU5051320001","Software Publishers"
"1344",1997-03-01,21.1,"CEU5051320001","Software Publishers"
"1345",1997-04-01,22.2,"CEU5051320001","Software Publishers"
"1346",1997-05-01,22.1,"CEU5051320001","Software Publishers"
"1347",1997-06-01,23.9,"CEU5051320001","Software Publishers"
"1348",1997-07-01,22.2,"CEU5051320001","Software Publishers"
"1349",1997-08-01,19.1,"CEU5051320001","Software Publishers"
"1350",1997-09-01,20.4,"CEU5051320001","Software Publishers"
"1351",1997-10-01,19.7,"CEU5051320001","Software Publishers"
"1352",1997-11-01,17.7,"CEU5051320001","Software Publishers"
"1353",1997-12-01,18.5,"CEU5051320001","Software Publishers"
"1354",1998-01-01,19.1,"CEU5051320001","Software Publishers"
"1355",1998-02-01,18.7,"CEU5051320001","Software Publishers"
"1356",1998-03-01,19.3,"CEU5051320001","Software Publishers"
"1357",1998-04-01,19.9,"CEU5051320001","Software Publishers"
"1358",1998-05-01,20.3,"CEU5051320001","Software Publishers"
"1359",1998-06-01,20.2,"CEU5051320001","Software Publishers"
"1360",1998-07-01,23.2,"CEU5051320001","Software Publishers"
"1361",1998-08-01,22.5,"CEU5051320001","Software Publishers"
"1362",1998-09-01,19.1,"CEU5051320001","Software Publishers"
"1363",1998-10-01,17.8,"CEU5051320001","Software Publishers"
"1364",1998-11-01,18.4,"CEU5051320001","Software Publishers"
"1365",1998-12-01,16.9,"CEU5051320001","Software Publishers"
"1366",1999-01-01,19.5,"CEU5051320001","Software Publishers"
"1367",1999-02-01,20.8,"CEU5051320001","Software Publishers"
"1368",1999-03-01,19.6,"CEU5051320001","Software Publishers"
"1369",1999-04-01,19.1,"CEU5051320001","Software Publishers"
"1370",1999-05-01,19.9,"CEU5051320001","Software Publishers"
"1371",1999-06-01,19.1,"CEU5051320001","Software Publishers"
"1372",1999-07-01,17.9,"CEU5051320001","Software Publishers"
"1373",1999-08-01,19.4,"CEU5051320001","Software Publishers"
"1374",1999-09-01,21.5,"CEU5051320001","Software Publishers"
"1375",1999-10-01,20.8,"CEU5051320001","Software Publishers"
"1376",1999-11-01,21.8,"CEU5051320001","Software Publishers"
"1377",1999-12-01,22.6,"CEU5051320001","Software Publishers"
"1378",2000-01-01,19.1,"CEU5051320001","Software Publishers"
"1379",2000-02-01,17.6,"CEU5051320001","Software Publishers"
"1380",2000-03-01,20.6,"CEU5051320001","Software Publishers"
"1381",2000-04-01,22.6,"CEU5051320001","Software Publishers"
"1382",2000-05-01,24,"CEU5051320001","Software Publishers"
"1383",2000-06-01,26.9,"CEU5051320001","Software Publishers"
"1384",2000-07-01,28.9,"CEU5051320001","Software Publishers"
"1385",2000-08-01,31.1,"CEU5051320001","Software Publishers"
"1386",2000-09-01,29.5,"CEU5051320001","Software Publishers"
"1387",2000-10-01,29.4,"CEU5051320001","Software Publishers"
"1388",2000-11-01,28.5,"CEU5051320001","Software Publishers"
"1389",2000-12-01,28.8,"CEU5051320001","Software Publishers"
"1390",2001-01-01,30.2,"CEU5051320001","Software Publishers"
"1391",2001-02-01,30.2,"CEU5051320001","Software Publishers"
"1392",2001-03-01,27.9,"CEU5051320001","Software Publishers"
"1393",2001-04-01,22.1,"CEU5051320001","Software Publishers"
"1394",2001-05-01,17.2,"CEU5051320001","Software Publishers"
"1395",2001-06-01,9.69999999999999,"CEU5051320001","Software Publishers"
"1396",2001-07-01,0.300000000000011,"CEU5051320001","Software Publishers"
"1397",2001-08-01,-4,"CEU5051320001","Software Publishers"
"1398",2001-09-01,-3.70000000000005,"CEU5051320001","Software Publishers"
"1399",2001-10-01,-6.89999999999998,"CEU5051320001","Software Publishers"
"1400",2001-11-01,-10.8,"CEU5051320001","Software Publishers"
"1401",2001-12-01,-12.9,"CEU5051320001","Software Publishers"
"1402",2002-01-01,-14.9,"CEU5051320001","Software Publishers"
"1403",2002-02-01,-19,"CEU5051320001","Software Publishers"
"1404",2002-03-01,-22.4,"CEU5051320001","Software Publishers"
"1405",2002-04-01,-20.7,"CEU5051320001","Software Publishers"
"1406",2002-05-01,-19.4,"CEU5051320001","Software Publishers"
"1407",2002-06-01,-16.1,"CEU5051320001","Software Publishers"
"1408",2002-07-01,-11,"CEU5051320001","Software Publishers"
"1409",2002-08-01,-12,"CEU5051320001","Software Publishers"
"1410",2002-09-01,-14.4,"CEU5051320001","Software Publishers"
"1411",2002-10-01,-11.6,"CEU5051320001","Software Publishers"
"1412",2002-11-01,-12.4,"CEU5051320001","Software Publishers"
"1413",2002-12-01,-13.2,"CEU5051320001","Software Publishers"
"1414",2003-01-01,-13.9,"CEU5051320001","Software Publishers"
"1415",2003-02-01,-13.9,"CEU5051320001","Software Publishers"
"1416",2003-03-01,-15.2,"CEU5051320001","Software Publishers"
"1417",2003-04-01,-15.9,"CEU5051320001","Software Publishers"
"1418",2003-05-01,-16.2,"CEU5051320001","Software Publishers"
"1419",2003-06-01,-15.9,"CEU5051320001","Software Publishers"
"1420",2003-07-01,-17.5,"CEU5051320001","Software Publishers"
"1421",2003-08-01,-14.9,"CEU5051320001","Software Publishers"
"1422",2003-09-01,-14.2,"CEU5051320001","Software Publishers"
"1423",2003-10-01,-14.5,"CEU5051320001","Software Publishers"
"1424",2003-11-01,-10.5,"CEU5051320001","Software Publishers"
"1425",2003-12-01,-9.80000000000001,"CEU5051320001","Software Publishers"
"1426",2004-01-01,-10.9,"CEU5051320001","Software Publishers"
"1427",2004-02-01,-8.80000000000001,"CEU5051320001","Software Publishers"
"1428",2004-03-01,-5.80000000000001,"CEU5051320001","Software Publishers"
"1429",2004-04-01,-4.5,"CEU5051320001","Software Publishers"
"1430",2004-05-01,-2.90000000000001,"CEU5051320001","Software Publishers"
"1431",2004-06-01,-2.69999999999999,"CEU5051320001","Software Publishers"
"1432",2004-07-01,-1.39999999999998,"CEU5051320001","Software Publishers"
"1433",2004-08-01,-0.5,"CEU5051320001","Software Publishers"
"1434",2004-09-01,0.199999999999989,"CEU5051320001","Software Publishers"
"1435",2004-10-01,0.0999999999999943,"CEU5051320001","Software Publishers"
"1436",2004-11-01,0.5,"CEU5051320001","Software Publishers"
"1437",2004-12-01,0,"CEU5051320001","Software Publishers"
"1438",2005-01-01,0.5,"CEU5051320001","Software Publishers"
"1439",2005-02-01,-1.09999999999999,"CEU5051320001","Software Publishers"
"1440",2005-03-01,0.5,"CEU5051320001","Software Publishers"
"1441",2005-04-01,-0.800000000000011,"CEU5051320001","Software Publishers"
"1442",2005-05-01,-1.90000000000001,"CEU5051320001","Software Publishers"
"1443",2005-06-01,1.89999999999998,"CEU5051320001","Software Publishers"
"1444",2005-07-01,2.89999999999998,"CEU5051320001","Software Publishers"
"1445",2005-08-01,3.5,"CEU5051320001","Software Publishers"
"1446",2005-09-01,3.59999999999999,"CEU5051320001","Software Publishers"
"1447",2005-10-01,5.40000000000001,"CEU5051320001","Software Publishers"
"1448",2005-11-01,5.70000000000002,"CEU5051320001","Software Publishers"
"1449",2005-12-01,4.70000000000002,"CEU5051320001","Software Publishers"
"1450",2006-01-01,4.29999999999998,"CEU5051320001","Software Publishers"
"1451",2006-02-01,7.29999999999998,"CEU5051320001","Software Publishers"
"1452",2006-03-01,5.20000000000002,"CEU5051320001","Software Publishers"
"1453",2006-04-01,6.09999999999999,"CEU5051320001","Software Publishers"
"1454",2006-05-01,6.59999999999999,"CEU5051320001","Software Publishers"
"1455",2006-06-01,5.80000000000001,"CEU5051320001","Software Publishers"
"1456",2006-07-01,6.10000000000002,"CEU5051320001","Software Publishers"
"1457",2006-08-01,5.80000000000001,"CEU5051320001","Software Publishers"
"1458",2006-09-01,4.09999999999999,"CEU5051320001","Software Publishers"
"1459",2006-10-01,5,"CEU5051320001","Software Publishers"
"1460",2006-11-01,6.5,"CEU5051320001","Software Publishers"
"1461",2006-12-01,9.59999999999999,"CEU5051320001","Software Publishers"
"1462",2007-01-01,9,"CEU5051320001","Software Publishers"
"1463",2007-02-01,8.5,"CEU5051320001","Software Publishers"
"1464",2007-03-01,9.90000000000001,"CEU5051320001","Software Publishers"
"1465",2007-04-01,9.90000000000001,"CEU5051320001","Software Publishers"
"1466",2007-05-01,12.2,"CEU5051320001","Software Publishers"
"1467",2007-06-01,11.1,"CEU5051320001","Software Publishers"
"1468",2007-07-01,12.8,"CEU5051320001","Software Publishers"
"1469",2007-08-01,12.8,"CEU5051320001","Software Publishers"
"1470",2007-09-01,14.5,"CEU5051320001","Software Publishers"
"1471",2007-10-01,13.3,"CEU5051320001","Software Publishers"
"1472",2007-11-01,10.1,"CEU5051320001","Software Publishers"
"1473",2007-12-01,11.6,"CEU5051320001","Software Publishers"
"1474",2008-01-01,10,"CEU5051320001","Software Publishers"
"1475",2008-02-01,10.5,"CEU5051320001","Software Publishers"
"1476",2008-03-01,9.30000000000001,"CEU5051320001","Software Publishers"
"1477",2008-04-01,10.4,"CEU5051320001","Software Publishers"
"1478",2008-05-01,9.59999999999997,"CEU5051320001","Software Publishers"
"1479",2008-06-01,9.20000000000002,"CEU5051320001","Software Publishers"
"1480",2008-07-01,7.59999999999997,"CEU5051320001","Software Publishers"
"1481",2008-08-01,7.69999999999999,"CEU5051320001","Software Publishers"
"1482",2008-09-01,8.30000000000001,"CEU5051320001","Software Publishers"
"1483",2008-10-01,5.90000000000003,"CEU5051320001","Software Publishers"
"1484",2008-11-01,6.70000000000005,"CEU5051320001","Software Publishers"
"1485",2008-12-01,5,"CEU5051320001","Software Publishers"
"1486",2009-01-01,3.69999999999999,"CEU5051320001","Software Publishers"
"1487",2009-02-01,0.600000000000023,"CEU5051320001","Software Publishers"
"1488",2009-03-01,-0.5,"CEU5051320001","Software Publishers"
"1489",2009-04-01,-2.39999999999998,"CEU5051320001","Software Publishers"
"1490",2009-05-01,-6.29999999999998,"CEU5051320001","Software Publishers"
"1491",2009-06-01,-6.5,"CEU5051320001","Software Publishers"
"1492",2009-07-01,-6.89999999999998,"CEU5051320001","Software Publishers"
"1493",2009-08-01,-10.6,"CEU5051320001","Software Publishers"
"1494",2009-09-01,-11.1,"CEU5051320001","Software Publishers"
"1495",2009-10-01,-10,"CEU5051320001","Software Publishers"
"1496",2009-11-01,-10.3,"CEU5051320001","Software Publishers"
"1497",2009-12-01,-10.9,"CEU5051320001","Software Publishers"
"1498",2010-01-01,-6.79999999999998,"CEU5051320001","Software Publishers"
"1499",2010-02-01,-4.90000000000001,"CEU5051320001","Software Publishers"
"1500",2010-03-01,-1.80000000000001,"CEU5051320001","Software Publishers"
"1501",2010-04-01,0.300000000000011,"CEU5051320001","Software Publishers"
"1502",2010-05-01,2.70000000000002,"CEU5051320001","Software Publishers"
"1503",2010-06-01,2.30000000000001,"CEU5051320001","Software Publishers"
"1504",2010-07-01,3,"CEU5051320001","Software Publishers"
"1505",2010-08-01,6.30000000000001,"CEU5051320001","Software Publishers"
"1506",2010-09-01,6.80000000000001,"CEU5051320001","Software Publishers"
"1507",2010-10-01,9.09999999999999,"CEU5051320001","Software Publishers"
"1508",2010-11-01,10.3,"CEU5051320001","Software Publishers"
"1509",2010-12-01,10.6,"CEU5051320001","Software Publishers"
"1510",2011-01-01,9.40000000000001,"CEU5051320001","Software Publishers"
"1511",2011-02-01,9.99999999999997,"CEU5051320001","Software Publishers"
"1512",2011-03-01,8.89999999999998,"CEU5051320001","Software Publishers"
"1513",2011-04-01,8.39999999999998,"CEU5051320001","Software Publishers"
"1514",2011-05-01,9.30000000000001,"CEU5051320001","Software Publishers"
"1515",2011-06-01,9.89999999999998,"CEU5051320001","Software Publishers"
"1516",2011-07-01,10.7,"CEU5051320001","Software Publishers"
"1517",2011-08-01,10.6,"CEU5051320001","Software Publishers"
"1518",2011-09-01,11,"CEU5051320001","Software Publishers"
"1519",2011-10-01,11.7,"CEU5051320001","Software Publishers"
"1520",2011-11-01,12.5,"CEU5051320001","Software Publishers"
"1521",2011-12-01,13.6,"CEU5051320001","Software Publishers"
"1522",2012-01-01,13.8,"CEU5051320001","Software Publishers"
"1523",2012-02-01,14.5,"CEU5051320001","Software Publishers"
"1524",2012-03-01,14.7,"CEU5051320001","Software Publishers"
"1525",2012-04-01,15.2,"CEU5051320001","Software Publishers"
"1526",2012-05-01,14.4,"CEU5051320001","Software Publishers"
"1527",2012-06-01,16.3,"CEU5051320001","Software Publishers"
"1528",2012-07-01,16.6,"CEU5051320001","Software Publishers"
"1529",2012-08-01,19,"CEU5051320001","Software Publishers"
"1530",2012-09-01,18.2,"CEU5051320001","Software Publishers"
"1531",2012-10-01,17.1,"CEU5051320001","Software Publishers"
"1532",2012-11-01,15.6,"CEU5051320001","Software Publishers"
"1533",2012-12-01,13.9,"CEU5051320001","Software Publishers"
"1534",2013-01-01,14.8,"CEU5051320001","Software Publishers"
"1535",2013-02-01,10.8,"CEU5051320001","Software Publishers"
"1536",2013-03-01,13.2,"CEU5051320001","Software Publishers"
"1537",2013-04-01,12.7,"CEU5051320001","Software Publishers"
"1538",2013-05-01,15.2,"CEU5051320001","Software Publishers"
"1539",2013-06-01,14.3,"CEU5051320001","Software Publishers"
"1540",2013-07-01,14.9,"CEU5051320001","Software Publishers"
"1541",2013-08-01,12.5,"CEU5051320001","Software Publishers"
"1542",2013-09-01,11.2,"CEU5051320001","Software Publishers"
"1543",2013-10-01,9.80000000000001,"CEU5051320001","Software Publishers"
"1544",2013-11-01,10.1,"CEU5051320001","Software Publishers"
"1545",2013-12-01,10.7,"CEU5051320001","Software Publishers"
"1546",2014-01-01,11.2,"CEU5051320001","Software Publishers"
"1547",2014-02-01,14.4,"CEU5051320001","Software Publishers"
"1548",2014-03-01,11.8,"CEU5051320001","Software Publishers"
"1549",2014-04-01,14.1,"CEU5051320001","Software Publishers"
"1550",2014-05-01,13.1,"CEU5051320001","Software Publishers"
"1551",2014-06-01,13.3,"CEU5051320001","Software Publishers"
"1552",2014-07-01,15.2,"CEU5051320001","Software Publishers"
"1553",2014-08-01,17.4,"CEU5051320001","Software Publishers"
"1554",2014-09-01,18.5,"CEU5051320001","Software Publishers"
"1555",2014-10-01,19.4,"CEU5051320001","Software Publishers"
"1556",2014-11-01,21.5,"CEU5051320001","Software Publishers"
"1557",2014-12-01,20.9,"CEU5051320001","Software Publishers"
"1558",2015-01-01,21,"CEU5051320001","Software Publishers"
"1559",2015-02-01,20.3,"CEU5051320001","Software Publishers"
"1560",2015-03-01,20.2,"CEU5051320001","Software Publishers"
"1561",2015-04-01,18.5,"CEU5051320001","Software Publishers"
"1562",2015-05-01,16.2,"CEU5051320001","Software Publishers"
"1563",2015-06-01,18.1,"CEU5051320001","Software Publishers"
"1564",2015-07-01,17.6,"CEU5051320001","Software Publishers"
"1565",2015-08-01,18,"CEU5051320001","Software Publishers"
"1566",2015-09-01,18.9,"CEU5051320001","Software Publishers"
"1567",2015-10-01,20.1,"CEU5051320001","Software Publishers"
"1568",2015-11-01,18.4,"CEU5051320001","Software Publishers"
"1569",2015-12-01,19.5,"CEU5051320001","Software Publishers"
"1570",2016-01-01,21.7,"CEU5051320001","Software Publishers"
"1571",2016-02-01,22.3,"CEU5051320001","Software Publishers"
"1572",2016-03-01,23.5,"CEU5051320001","Software Publishers"
"1573",2016-04-01,24.5,"CEU5051320001","Software Publishers"
"1574",2016-05-01,24.9,"CEU5051320001","Software Publishers"
"1575",2016-06-01,24.6,"CEU5051320001","Software Publishers"
"1576",2016-07-01,25.9,"CEU5051320001","Software Publishers"
"1577",2016-08-01,26.5,"CEU5051320001","Software Publishers"
"1578",2016-09-01,24.1,"CEU5051320001","Software Publishers"
"1579",2016-10-01,24,"CEU5051320001","Software Publishers"
"1580",2016-11-01,23.6,"CEU5051320001","Software Publishers"
"1581",2016-12-01,26.7,"CEU5051320001","Software Publishers"
"1582",2017-01-01,23.1,"CEU5051320001","Software Publishers"
"1583",2017-02-01,23.8,"CEU5051320001","Software Publishers"
"1584",2017-03-01,20.8,"CEU5051320001","Software Publishers"
"1585",2017-04-01,19.2,"CEU5051320001","Software Publishers"
"1586",2017-05-01,21.9,"CEU5051320001","Software Publishers"
"1587",2017-06-01,22.8,"CEU5051320001","Software Publishers"
"1588",2017-07-01,22.4,"CEU5051320001","Software Publishers"
"1589",2017-08-01,20.7,"CEU5051320001","Software Publishers"
"1590",2017-09-01,22.6,"CEU5051320001","Software Publishers"
"1591",2017-10-01,24.3,"CEU5051320001","Software Publishers"
"1592",2017-11-01,25.5,"CEU5051320001","Software Publishers"
"1593",2017-12-01,21.9,"CEU5051320001","Software Publishers"
"1594",2018-01-01,25.3,"CEU5051320001","Software Publishers"
"1595",2018-02-01,26.4,"CEU5051320001","Software Publishers"
"1596",2018-03-01,28.7,"CEU5051320001","Software Publishers"
"1597",2018-04-01,29.7,"CEU5051320001","Software Publishers"
"1598",2018-05-01,31.9,"CEU5051320001","Software Publishers"
"1599",2018-06-01,35.8,"CEU5051320001","Software Publishers"
"1600",2018-07-01,36.2,"CEU5051320001","Software Publishers"
"1601",2018-08-01,39,"CEU5051320001","Software Publishers"
"1602",2018-09-01,41,"CEU5051320001","Software Publishers"
"1603",2018-10-01,39,"CEU5051320001","Software Publishers"
"1604",2018-11-01,43.4,"CEU5051320001","Software Publishers"
"1605",2018-12-01,44.7,"CEU5051320001","Software Publishers"
"1606",2019-01-01,44.7,"CEU5051320001","Software Publishers"
"1607",2019-02-01,44.6,"CEU5051320001","Software Publishers"
"1608",2019-03-01,46.4,"CEU5051320001","Software Publishers"
"1609",2019-04-01,48.2,"CEU5051320001","Software Publishers"
"1610",2019-05-01,49.7,"CEU5051320001","Software Publishers"
"1611",2019-06-01,51.5,"CEU5051320001","Software Publishers"
"1612",2019-07-01,52.1,"CEU5051320001","Software Publishers"
"1613",2019-08-01,51.7,"CEU5051320001","Software Publishers"
"1614",2019-09-01,53.8,"CEU5051320001","Software Publishers"
"1615",2019-10-01,52.6,"CEU5051320001","Software Publishers"
"1616",2019-11-01,51.7,"CEU5051320001","Software Publishers"
"1617",2019-12-01,49.8,"CEU5051320001","Software Publishers"
"1618",2020-01-01,52.5,"CEU5051320001","Software Publishers"
"1619",2020-02-01,56.8,"CEU5051320001","Software Publishers"
"1620",2020-03-01,57.3,"CEU5051320001","Software Publishers"
"1621",2020-04-01,46.4,"CEU5051320001","Software Publishers"
"1622",2020-05-01,38,"CEU5051320001","Software Publishers"
"1623",2020-06-01,31.8,"CEU5051320001","Software Publishers"
"1624",2020-07-01,26,"CEU5051320001","Software Publishers"
"1625",2020-08-01,26.9,"CEU5051320001","Software Publishers"
"1626",2020-09-01,29.5,"CEU5051320001","Software Publishers"
"1627",2020-10-01,30.6,"CEU5051320001","Software Publishers"
"1628",2020-11-01,29.7,"CEU5051320001","Software Publishers"
"1629",2020-12-01,35.2,"CEU5051320001","Software Publishers"
"1630",2021-01-01,34.6999999999999,"CEU5051320001","Software Publishers"
"1631",2021-02-01,29.7,"CEU5051320001","Software Publishers"
"1632",2021-03-01,32.9,"CEU5051320001","Software Publishers"
"1633",2021-04-01,44.6,"CEU5051320001","Software Publishers"
"1634",2021-05-01,54.3000000000001,"CEU5051320001","Software Publishers"
"1635",2021-06-01,61.1,"CEU5051320001","Software Publishers"
"1636",2021-07-01,65.1,"CEU5051320001","Software Publishers"
"1637",2021-08-01,65.9,"CEU5051320001","Software Publishers"
"1638",2021-09-01,58.1,"CEU5051320001","Software Publishers"
"1639",2021-10-01,64.7,"CEU5051320001","Software Publishers"
"1640",2021-11-01,70.8,"CEU5051320001","Software Publishers"
"1641",2021-12-01,75,"CEU5051320001","Software Publishers"
"1642",2022-01-01,74.7,"CEU5051320001","Software Publishers"
"1643",2022-02-01,77.1,"CEU5051320001","Software Publishers"
"1644",2022-03-01,82.9,"CEU5051320001","Software Publishers"
"1645",2022-04-01,84.5,"CEU5051320001","Software Publishers"
"1646",2022-05-01,79.5,"CEU5051320001","Software Publishers"
"1647",2022-06-01,88.5,"CEU5051320001","Software Publishers"
"1648",2022-07-01,88.1,"CEU5051320001","Software Publishers"
"1649",2022-08-01,86.4,"CEU5051320001","Software Publishers"
"1650",2022-09-01,90.1,"CEU5051320001","Software Publishers"
"1651",2022-10-01,79,"CEU5051320001","Software Publishers"
"1652",2022-11-01,77,"CEU5051320001","Software Publishers"
"1653",2022-12-01,67.4,"CEU5051320001","Software Publishers"
"1654",2023-01-01,51.2,"CEU5051320001","Software Publishers"
"1655",2023-02-01,49.1,"CEU5051320001","Software Publishers"
"1656",2023-03-01,36.4,"CEU5051320001","Software Publishers"
"1657",2023-04-01,29.6,"CEU5051320001","Software Publishers"
"1658",2023-05-01,21.9,"CEU5051320001","Software Publishers"
"1659",2023-06-01,15.6999999999999,"CEU5051320001","Software Publishers"
"1660",2023-07-01,2.10000000000002,"CEU5051320001","Software Publishers"
"1661",2023-08-01,-2.59999999999991,"CEU5051320001","Software Publishers"
"1662",2023-09-01,2.29999999999995,"CEU5051320001","Software Publishers"
"1663",2023-10-01,-12.4,"CEU5051320001","Software Publishers"
"1664",2023-11-01,-22.6999999999999,"CEU5051320001","Software Publishers"
"1665",2023-12-01,-19.5,"CEU5051320001","Software Publishers"
"1666",2024-01-01,-14.1,"CEU5051320001","Software Publishers"
"1667",2024-02-01,-19.1,"CEU5051320001","Software Publishers"
"1668",2024-03-01,-15.4,"CEU5051320001","Software Publishers"
"1669",2024-04-01,-14.1999999999999,"CEU5051320001","Software Publishers"
"1670",2024-05-01,-10.1,"CEU5051320001","Software Publishers"
"1671",2024-06-01,-16.4,"CEU5051320001","Software Publishers"
"1672",2024-07-01,-8.5,"CEU5051320001","Software Publishers"
"1673",2024-08-01,-9.30000000000007,"CEU5051320001","Software Publishers"
"1674",2024-09-01,-13.8,"CEU5051320001","Software Publishers"
"1675",2024-10-01,1.69999999999993,"CEU5051320001","Software Publishers"
"1676",2024-11-01,4.69999999999993,"CEU5051320001","Software Publishers"
"1677",2024-12-01,8.5,"CEU5051320001","Software Publishers"
"1678",2025-01-01,7,"CEU5051320001","Software Publishers"
"1679",2025-02-01,10.5,"CEU5051320001","Software Publishers"
"1680",2025-03-01,9.60000000000002,"CEU5051320001","Software Publishers"
"1681",2025-04-01,6.69999999999993,"CEU5051320001","Software Publishers"
"1682",2025-05-01,9.60000000000002,"CEU5051320001","Software Publishers"
"1683",2025-06-01,8.39999999999998,"CEU5051320001","Software Publishers"
"1684",2025-07-01,10.6999999999999,"CEU5051320001","Software Publishers"
"1685",2025-08-01,14.5,"CEU5051320001","Software Publishers"
"1686",2025-09-01,19.9,"CEU5051320001","Software Publishers"
"1687",2025-10-01,10.8000000000001,"CEU5051320001","Software Publishers"
"1688",2025-11-01,5.30000000000007,"CEU5051320001","Software Publishers"
"1689",2025-12-01,5.89999999999998,"CEU5051320001","Software Publishers"
"1690",2026-01-01,7.39999999999998,"CEU5051320001","Software Publishers"
"1691",2026-02-01,4.29999999999995,"CEU5051320001","Software Publishers"
"1692",2026-03-01,7.59999999999991,"CEU5051320001","Software Publishers"
"1693",1991-01-01,3,"CEU6054151101","Custom Computer Programming Services"
"1694",1991-02-01,2.69999999999999,"CEU6054151101","Custom Computer Programming Services"
"1695",1991-03-01,1.80000000000001,"CEU6054151101","Custom Computer Programming Services"
"1696",1991-04-01,2.90000000000001,"CEU6054151101","Custom Computer Programming Services"
"1697",1991-05-01,4.10000000000002,"CEU6054151101","Custom Computer Programming Services"
"1698",1991-06-01,5.19999999999999,"CEU6054151101","Custom Computer Programming Services"
"1699",1991-07-01,6,"CEU6054151101","Custom Computer Programming Services"
"1700",1991-08-01,6.39999999999998,"CEU6054151101","Custom Computer Programming Services"
"1701",1991-09-01,7.40000000000001,"CEU6054151101","Custom Computer Programming Services"
"1702",1991-10-01,8.5,"CEU6054151101","Custom Computer Programming Services"
"1703",1991-11-01,8.90000000000001,"CEU6054151101","Custom Computer Programming Services"
"1704",1991-12-01,9.69999999999999,"CEU6054151101","Custom Computer Programming Services"
"1705",1992-01-01,10.3,"CEU6054151101","Custom Computer Programming Services"
"1706",1992-02-01,10.4,"CEU6054151101","Custom Computer Programming Services"
"1707",1992-03-01,11.8,"CEU6054151101","Custom Computer Programming Services"
"1708",1992-04-01,11.5,"CEU6054151101","Custom Computer Programming Services"
"1709",1992-05-01,11.3,"CEU6054151101","Custom Computer Programming Services"
"1710",1992-06-01,10.6,"CEU6054151101","Custom Computer Programming Services"
"1711",1992-07-01,11,"CEU6054151101","Custom Computer Programming Services"
"1712",1992-08-01,9.30000000000001,"CEU6054151101","Custom Computer Programming Services"
"1713",1992-09-01,11.2,"CEU6054151101","Custom Computer Programming Services"
"1714",1992-10-01,11.8,"CEU6054151101","Custom Computer Programming Services"
"1715",1992-11-01,12.7,"CEU6054151101","Custom Computer Programming Services"
"1716",1992-12-01,12.5,"CEU6054151101","Custom Computer Programming Services"
"1717",1993-01-01,13.8,"CEU6054151101","Custom Computer Programming Services"
"1718",1993-02-01,16.2,"CEU6054151101","Custom Computer Programming Services"
"1719",1993-03-01,16.5,"CEU6054151101","Custom Computer Programming Services"
"1720",1993-04-01,17.9,"CEU6054151101","Custom Computer Programming Services"
"1721",1993-05-01,19,"CEU6054151101","Custom Computer Programming Services"
"1722",1993-06-01,20.2,"CEU6054151101","Custom Computer Programming Services"
"1723",1993-07-01,20.9,"CEU6054151101","Custom Computer Programming Services"
"1724",1993-08-01,21.8,"CEU6054151101","Custom Computer Programming Services"
"1725",1993-09-01,21.4,"CEU6054151101","Custom Computer Programming Services"
"1726",1993-10-01,21.4,"CEU6054151101","Custom Computer Programming Services"
"1727",1993-11-01,20.9,"CEU6054151101","Custom Computer Programming Services"
"1728",1993-12-01,21.2,"CEU6054151101","Custom Computer Programming Services"
"1729",1994-01-01,19.2,"CEU6054151101","Custom Computer Programming Services"
"1730",1994-02-01,18.9,"CEU6054151101","Custom Computer Programming Services"
"1731",1994-03-01,20.3,"CEU6054151101","Custom Computer Programming Services"
"1732",1994-04-01,21.2,"CEU6054151101","Custom Computer Programming Services"
"1733",1994-05-01,20.1,"CEU6054151101","Custom Computer Programming Services"
"1734",1994-06-01,20.5,"CEU6054151101","Custom Computer Programming Services"
"1735",1994-07-01,19.2,"CEU6054151101","Custom Computer Programming Services"
"1736",1994-08-01,21.7,"CEU6054151101","Custom Computer Programming Services"
"1737",1994-09-01,21.3,"CEU6054151101","Custom Computer Programming Services"
"1738",1994-10-01,22.5,"CEU6054151101","Custom Computer Programming Services"
"1739",1994-11-01,24.6,"CEU6054151101","Custom Computer Programming Services"
"1740",1994-12-01,26.1,"CEU6054151101","Custom Computer Programming Services"
"1741",1995-01-01,29,"CEU6054151101","Custom Computer Programming Services"
"1742",1995-02-01,29.7,"CEU6054151101","Custom Computer Programming Services"
"1743",1995-03-01,30.9,"CEU6054151101","Custom Computer Programming Services"
"1744",1995-04-01,30.9,"CEU6054151101","Custom Computer Programming Services"
"1745",1995-05-01,34.8,"CEU6054151101","Custom Computer Programming Services"
"1746",1995-06-01,37.4,"CEU6054151101","Custom Computer Programming Services"
"1747",1995-07-01,38.4,"CEU6054151101","Custom Computer Programming Services"
"1748",1995-08-01,38.6,"CEU6054151101","Custom Computer Programming Services"
"1749",1995-09-01,38.6,"CEU6054151101","Custom Computer Programming Services"
"1750",1995-10-01,39.1,"CEU6054151101","Custom Computer Programming Services"
"1751",1995-11-01,37,"CEU6054151101","Custom Computer Programming Services"
"1752",1995-12-01,37,"CEU6054151101","Custom Computer Programming Services"
"1753",1996-01-01,35.5,"CEU6054151101","Custom Computer Programming Services"
"1754",1996-02-01,33.4,"CEU6054151101","Custom Computer Programming Services"
"1755",1996-03-01,31.9,"CEU6054151101","Custom Computer Programming Services"
"1756",1996-04-01,31.2,"CEU6054151101","Custom Computer Programming Services"
"1757",1996-05-01,28.6,"CEU6054151101","Custom Computer Programming Services"
"1758",1996-06-01,24.8,"CEU6054151101","Custom Computer Programming Services"
"1759",1996-07-01,28.1,"CEU6054151101","Custom Computer Programming Services"
"1760",1996-08-01,29.8,"CEU6054151101","Custom Computer Programming Services"
"1761",1996-09-01,29.5,"CEU6054151101","Custom Computer Programming Services"
"1762",1996-10-01,30,"CEU6054151101","Custom Computer Programming Services"
"1763",1996-11-01,32.5,"CEU6054151101","Custom Computer Programming Services"
"1764",1996-12-01,33.7,"CEU6054151101","Custom Computer Programming Services"
"1765",1997-01-01,36.6,"CEU6054151101","Custom Computer Programming Services"
"1766",1997-02-01,38.7,"CEU6054151101","Custom Computer Programming Services"
"1767",1997-03-01,41.9,"CEU6054151101","Custom Computer Programming Services"
"1768",1997-04-01,44.1,"CEU6054151101","Custom Computer Programming Services"
"1769",1997-05-01,43,"CEU6054151101","Custom Computer Programming Services"
"1770",1997-06-01,49.3,"CEU6054151101","Custom Computer Programming Services"
"1771",1997-07-01,46.1,"CEU6054151101","Custom Computer Programming Services"
"1772",1997-08-01,49.4,"CEU6054151101","Custom Computer Programming Services"
"1773",1997-09-01,49.9,"CEU6054151101","Custom Computer Programming Services"
"1774",1997-10-01,49.3,"CEU6054151101","Custom Computer Programming Services"
"1775",1997-11-01,48.6,"CEU6054151101","Custom Computer Programming Services"
"1776",1997-12-01,48.6,"CEU6054151101","Custom Computer Programming Services"
"1777",1998-01-01,50,"CEU6054151101","Custom Computer Programming Services"
"1778",1998-02-01,51.5,"CEU6054151101","Custom Computer Programming Services"
"1779",1998-03-01,49.1,"CEU6054151101","Custom Computer Programming Services"
"1780",1998-04-01,50.3,"CEU6054151101","Custom Computer Programming Services"
"1781",1998-05-01,55.4,"CEU6054151101","Custom Computer Programming Services"
"1782",1998-06-01,55.9,"CEU6054151101","Custom Computer Programming Services"
"1783",1998-07-01,58.9,"CEU6054151101","Custom Computer Programming Services"
"1784",1998-08-01,55.8,"CEU6054151101","Custom Computer Programming Services"
"1785",1998-09-01,58.6,"CEU6054151101","Custom Computer Programming Services"
"1786",1998-10-01,62.6,"CEU6054151101","Custom Computer Programming Services"
"1787",1998-11-01,66.3,"CEU6054151101","Custom Computer Programming Services"
"1788",1998-12-01,67.7,"CEU6054151101","Custom Computer Programming Services"
"1789",1999-01-01,67.4,"CEU6054151101","Custom Computer Programming Services"
"1790",1999-02-01,67.5,"CEU6054151101","Custom Computer Programming Services"
"1791",1999-03-01,69.8,"CEU6054151101","Custom Computer Programming Services"
"1792",1999-04-01,72.2,"CEU6054151101","Custom Computer Programming Services"
"1793",1999-05-01,73,"CEU6054151101","Custom Computer Programming Services"
"1794",1999-06-01,76.2,"CEU6054151101","Custom Computer Programming Services"
"1795",1999-07-01,79.6,"CEU6054151101","Custom Computer Programming Services"
"1796",1999-08-01,83.7,"CEU6054151101","Custom Computer Programming Services"
"1797",1999-09-01,81.2,"CEU6054151101","Custom Computer Programming Services"
"1798",1999-10-01,78.1,"CEU6054151101","Custom Computer Programming Services"
"1799",1999-11-01,78.3,"CEU6054151101","Custom Computer Programming Services"
"1800",1999-12-01,80.8,"CEU6054151101","Custom Computer Programming Services"
"1801",2000-01-01,81.2,"CEU6054151101","Custom Computer Programming Services"
"1802",2000-02-01,83.7,"CEU6054151101","Custom Computer Programming Services"
"1803",2000-03-01,85.3,"CEU6054151101","Custom Computer Programming Services"
"1804",2000-04-01,77.7,"CEU6054151101","Custom Computer Programming Services"
"1805",2000-05-01,76.8,"CEU6054151101","Custom Computer Programming Services"
"1806",2000-06-01,72,"CEU6054151101","Custom Computer Programming Services"
"1807",2000-07-01,73.2,"CEU6054151101","Custom Computer Programming Services"
"1808",2000-08-01,68.4,"CEU6054151101","Custom Computer Programming Services"
"1809",2000-09-01,70.8,"CEU6054151101","Custom Computer Programming Services"
"1810",2000-10-01,74.6,"CEU6054151101","Custom Computer Programming Services"
"1811",2000-11-01,73.8,"CEU6054151101","Custom Computer Programming Services"
"1812",2000-12-01,73.1,"CEU6054151101","Custom Computer Programming Services"
"1813",2001-01-01,68.9,"CEU6054151101","Custom Computer Programming Services"
"1814",2001-02-01,68.4,"CEU6054151101","Custom Computer Programming Services"
"1815",2001-03-01,68.9,"CEU6054151101","Custom Computer Programming Services"
"1816",2001-04-01,62.8000000000001,"CEU6054151101","Custom Computer Programming Services"
"1817",2001-05-01,47.8000000000001,"CEU6054151101","Custom Computer Programming Services"
"1818",2001-06-01,38.5,"CEU6054151101","Custom Computer Programming Services"
"1819",2001-07-01,20.0999999999999,"CEU6054151101","Custom Computer Programming Services"
"1820",2001-08-01,7.29999999999995,"CEU6054151101","Custom Computer Programming Services"
"1821",2001-09-01,-6.70000000000005,"CEU6054151101","Custom Computer Programming Services"
"1822",2001-10-01,-21.9,"CEU6054151101","Custom Computer Programming Services"
"1823",2001-11-01,-33.5,"CEU6054151101","Custom Computer Programming Services"
"1824",2001-12-01,-46.6,"CEU6054151101","Custom Computer Programming Services"
"1825",2002-01-01,-53.5999999999999,"CEU6054151101","Custom Computer Programming Services"
"1826",2002-02-01,-64.5,"CEU6054151101","Custom Computer Programming Services"
"1827",2002-03-01,-79.9,"CEU6054151101","Custom Computer Programming Services"
"1828",2002-04-01,-74,"CEU6054151101","Custom Computer Programming Services"
"1829",2002-05-01,-70.4,"CEU6054151101","Custom Computer Programming Services"
"1830",2002-06-01,-70,"CEU6054151101","Custom Computer Programming Services"
"1831",2002-07-01,-54,"CEU6054151101","Custom Computer Programming Services"
"1832",2002-08-01,-47.2,"CEU6054151101","Custom Computer Programming Services"
"1833",2002-09-01,-42.1,"CEU6054151101","Custom Computer Programming Services"
"1834",2002-10-01,-35.3,"CEU6054151101","Custom Computer Programming Services"
"1835",2002-11-01,-34,"CEU6054151101","Custom Computer Programming Services"
"1836",2002-12-01,-35.9,"CEU6054151101","Custom Computer Programming Services"
"1837",2003-01-01,-33.7,"CEU6054151101","Custom Computer Programming Services"
"1838",2003-02-01,-31,"CEU6054151101","Custom Computer Programming Services"
"1839",2003-03-01,-19.8,"CEU6054151101","Custom Computer Programming Services"
"1840",2003-04-01,-20.8000000000001,"CEU6054151101","Custom Computer Programming Services"
"1841",2003-05-01,-17.3,"CEU6054151101","Custom Computer Programming Services"
"1842",2003-06-01,-10.4,"CEU6054151101","Custom Computer Programming Services"
"1843",2003-07-01,-23.8,"CEU6054151101","Custom Computer Programming Services"
"1844",2003-08-01,-25.7,"CEU6054151101","Custom Computer Programming Services"
"1845",2003-09-01,-18,"CEU6054151101","Custom Computer Programming Services"
"1846",2003-10-01,-11.6,"CEU6054151101","Custom Computer Programming Services"
"1847",2003-11-01,-6.10000000000002,"CEU6054151101","Custom Computer Programming Services"
"1848",2003-12-01,5.60000000000002,"CEU6054151101","Custom Computer Programming Services"
"1849",2004-01-01,11.9,"CEU6054151101","Custom Computer Programming Services"
"1850",2004-02-01,10.3,"CEU6054151101","Custom Computer Programming Services"
"1851",2004-03-01,7.90000000000003,"CEU6054151101","Custom Computer Programming Services"
"1852",2004-04-01,7.5,"CEU6054151101","Custom Computer Programming Services"
"1853",2004-05-01,9.80000000000001,"CEU6054151101","Custom Computer Programming Services"
"1854",2004-06-01,9.39999999999998,"CEU6054151101","Custom Computer Programming Services"
"1855",2004-07-01,11.6,"CEU6054151101","Custom Computer Programming Services"
"1856",2004-08-01,18.6,"CEU6054151101","Custom Computer Programming Services"
"1857",2004-09-01,15.3,"CEU6054151101","Custom Computer Programming Services"
"1858",2004-10-01,15.8,"CEU6054151101","Custom Computer Programming Services"
"1859",2004-11-01,21,"CEU6054151101","Custom Computer Programming Services"
"1860",2004-12-01,19.9,"CEU6054151101","Custom Computer Programming Services"
"1861",2005-01-01,10.4,"CEU6054151101","Custom Computer Programming Services"
"1862",2005-02-01,18.1,"CEU6054151101","Custom Computer Programming Services"
"1863",2005-03-01,19.4,"CEU6054151101","Custom Computer Programming Services"
"1864",2005-04-01,22.8000000000001,"CEU6054151101","Custom Computer Programming Services"
"1865",2005-05-01,24.7,"CEU6054151101","Custom Computer Programming Services"
"1866",2005-06-01,24.3000000000001,"CEU6054151101","Custom Computer Programming Services"
"1867",2005-07-01,24.9,"CEU6054151101","Custom Computer Programming Services"
"1868",2005-08-01,28.5000000000001,"CEU6054151101","Custom Computer Programming Services"
"1869",2005-09-01,24.8,"CEU6054151101","Custom Computer Programming Services"
"1870",2005-10-01,23.4999999999999,"CEU6054151101","Custom Computer Programming Services"
"1871",2005-11-01,21.4,"CEU6054151101","Custom Computer Programming Services"
"1872",2005-12-01,20.1,"CEU6054151101","Custom Computer Programming Services"
"1873",2006-01-01,34.1,"CEU6054151101","Custom Computer Programming Services"
"1874",2006-02-01,31.6,"CEU6054151101","Custom Computer Programming Services"
"1875",2006-03-01,33.1,"CEU6054151101","Custom Computer Programming Services"
"1876",2006-04-01,35.1999999999999,"CEU6054151101","Custom Computer Programming Services"
"1877",2006-05-01,38.3000000000001,"CEU6054151101","Custom Computer Programming Services"
"1878",2006-06-01,37.9,"CEU6054151101","Custom Computer Programming Services"
"1879",2006-07-01,45.3,"CEU6054151101","Custom Computer Programming Services"
"1880",2006-08-01,46.5,"CEU6054151101","Custom Computer Programming Services"
"1881",2006-09-01,46.2,"CEU6054151101","Custom Computer Programming Services"
"1882",2006-10-01,44.6,"CEU6054151101","Custom Computer Programming Services"
"1883",2006-11-01,39.9000000000001,"CEU6054151101","Custom Computer Programming Services"
"1884",2006-12-01,41.8,"CEU6054151101","Custom Computer Programming Services"
"1885",2007-01-01,30.8000000000001,"CEU6054151101","Custom Computer Programming Services"
"1886",2007-02-01,33.1,"CEU6054151101","Custom Computer Programming Services"
"1887",2007-03-01,31.6999999999999,"CEU6054151101","Custom Computer Programming Services"
"1888",2007-04-01,33.9,"CEU6054151101","Custom Computer Programming Services"
"1889",2007-05-01,34.5,"CEU6054151101","Custom Computer Programming Services"
"1890",2007-06-01,35.9,"CEU6054151101","Custom Computer Programming Services"
"1891",2007-07-01,34.5,"CEU6054151101","Custom Computer Programming Services"
"1892",2007-08-01,28.6999999999999,"CEU6054151101","Custom Computer Programming Services"
"1893",2007-09-01,34.3,"CEU6054151101","Custom Computer Programming Services"
"1894",2007-10-01,35.7,"CEU6054151101","Custom Computer Programming Services"
"1895",2007-11-01,41.0999999999999,"CEU6054151101","Custom Computer Programming Services"
"1896",2007-12-01,41.5,"CEU6054151101","Custom Computer Programming Services"
"1897",2008-01-01,40.9,"CEU6054151101","Custom Computer Programming Services"
"1898",2008-02-01,39.3,"CEU6054151101","Custom Computer Programming Services"
"1899",2008-03-01,39.1,"CEU6054151101","Custom Computer Programming Services"
"1900",2008-04-01,40.5,"CEU6054151101","Custom Computer Programming Services"
"1901",2008-05-01,37.9,"CEU6054151101","Custom Computer Programming Services"
"1902",2008-06-01,31.2,"CEU6054151101","Custom Computer Programming Services"
"1903",2008-07-01,33.7,"CEU6054151101","Custom Computer Programming Services"
"1904",2008-08-01,30.4,"CEU6054151101","Custom Computer Programming Services"
"1905",2008-09-01,27.4,"CEU6054151101","Custom Computer Programming Services"
"1906",2008-10-01,24.1999999999999,"CEU6054151101","Custom Computer Programming Services"
"1907",2008-11-01,16.4000000000001,"CEU6054151101","Custom Computer Programming Services"
"1908",2008-12-01,11.1,"CEU6054151101","Custom Computer Programming Services"
"1909",2009-01-01,6.10000000000002,"CEU6054151101","Custom Computer Programming Services"
"1910",2009-02-01,-0.600000000000023,"CEU6054151101","Custom Computer Programming Services"
"1911",2009-03-01,-6.19999999999993,"CEU6054151101","Custom Computer Programming Services"
"1912",2009-04-01,-14.1999999999999,"CEU6054151101","Custom Computer Programming Services"
"1913",2009-05-01,-23.3000000000001,"CEU6054151101","Custom Computer Programming Services"
"1914",2009-06-01,-21.1,"CEU6054151101","Custom Computer Programming Services"
"1915",2009-07-01,-22.1,"CEU6054151101","Custom Computer Programming Services"
"1916",2009-08-01,-19.1999999999999,"CEU6054151101","Custom Computer Programming Services"
"1917",2009-09-01,-21.3,"CEU6054151101","Custom Computer Programming Services"
"1918",2009-10-01,-17.4,"CEU6054151101","Custom Computer Programming Services"
"1919",2009-11-01,-15.3000000000001,"CEU6054151101","Custom Computer Programming Services"
"1920",2009-12-01,-18.6999999999999,"CEU6054151101","Custom Computer Programming Services"
"1921",2010-01-01,-8.10000000000002,"CEU6054151101","Custom Computer Programming Services"
"1922",2010-02-01,-2.10000000000002,"CEU6054151101","Custom Computer Programming Services"
"1923",2010-03-01,-0.600000000000023,"CEU6054151101","Custom Computer Programming Services"
"1924",2010-04-01,6.60000000000002,"CEU6054151101","Custom Computer Programming Services"
"1925",2010-05-01,12.2,"CEU6054151101","Custom Computer Programming Services"
"1926",2010-06-01,12.6999999999999,"CEU6054151101","Custom Computer Programming Services"
"1927",2010-07-01,14.9,"CEU6054151101","Custom Computer Programming Services"
"1928",2010-08-01,16.3,"CEU6054151101","Custom Computer Programming Services"
"1929",2010-09-01,16.7,"CEU6054151101","Custom Computer Programming Services"
"1930",2010-10-01,18.7,"CEU6054151101","Custom Computer Programming Services"
"1931",2010-11-01,21.5,"CEU6054151101","Custom Computer Programming Services"
"1932",2010-12-01,28.0999999999999,"CEU6054151101","Custom Computer Programming Services"
"1933",2011-01-01,25,"CEU6054151101","Custom Computer Programming Services"
"1934",2011-02-01,26.8000000000001,"CEU6054151101","Custom Computer Programming Services"
"1935",2011-03-01,32,"CEU6054151101","Custom Computer Programming Services"
"1936",2011-04-01,30.6999999999999,"CEU6054151101","Custom Computer Programming Services"
"1937",2011-05-01,35.5,"CEU6054151101","Custom Computer Programming Services"
"1938",2011-06-01,41.9000000000001,"CEU6054151101","Custom Computer Programming Services"
"1939",2011-07-01,38.7,"CEU6054151101","Custom Computer Programming Services"
"1940",2011-08-01,37.8000000000001,"CEU6054151101","Custom Computer Programming Services"
"1941",2011-09-01,39.5,"CEU6054151101","Custom Computer Programming Services"
"1942",2011-10-01,37.3,"CEU6054151101","Custom Computer Programming Services"
"1943",2011-11-01,38,"CEU6054151101","Custom Computer Programming Services"
"1944",2011-12-01,37.3000000000001,"CEU6054151101","Custom Computer Programming Services"
"1945",2012-01-01,35,"CEU6054151101","Custom Computer Programming Services"
"1946",2012-02-01,39.9,"CEU6054151101","Custom Computer Programming Services"
"1947",2012-03-01,38.6,"CEU6054151101","Custom Computer Programming Services"
"1948",2012-04-01,39,"CEU6054151101","Custom Computer Programming Services"
"1949",2012-05-01,39.6,"CEU6054151101","Custom Computer Programming Services"
"1950",2012-06-01,37.8,"CEU6054151101","Custom Computer Programming Services"
"1951",2012-07-01,41,"CEU6054151101","Custom Computer Programming Services"
"1952",2012-08-01,41.5,"CEU6054151101","Custom Computer Programming Services"
"1953",2012-09-01,41.9,"CEU6054151101","Custom Computer Programming Services"
"1954",2012-10-01,42.2,"CEU6054151101","Custom Computer Programming Services"
"1955",2012-11-01,44.1,"CEU6054151101","Custom Computer Programming Services"
"1956",2012-12-01,45.5,"CEU6054151101","Custom Computer Programming Services"
"1957",2013-01-01,47.4,"CEU6054151101","Custom Computer Programming Services"
"1958",2013-02-01,41.8,"CEU6054151101","Custom Computer Programming Services"
"1959",2013-03-01,41,"CEU6054151101","Custom Computer Programming Services"
"1960",2013-04-01,40.9,"CEU6054151101","Custom Computer Programming Services"
"1961",2013-05-01,37.6,"CEU6054151101","Custom Computer Programming Services"
"1962",2013-06-01,35.5,"CEU6054151101","Custom Computer Programming Services"
"1963",2013-07-01,38,"CEU6054151101","Custom Computer Programming Services"
"1964",2013-08-01,34.5999999999999,"CEU6054151101","Custom Computer Programming Services"
"1965",2013-09-01,31.6,"CEU6054151101","Custom Computer Programming Services"
"1966",2013-10-01,35.8,"CEU6054151101","Custom Computer Programming Services"
"1967",2013-11-01,33.5,"CEU6054151101","Custom Computer Programming Services"
"1968",2013-12-01,28.1,"CEU6054151101","Custom Computer Programming Services"
"1969",2014-01-01,31.7,"CEU6054151101","Custom Computer Programming Services"
"1970",2014-02-01,29.1,"CEU6054151101","Custom Computer Programming Services"
"1971",2014-03-01,25.0999999999999,"CEU6054151101","Custom Computer Programming Services"
"1972",2014-04-01,31.2,"CEU6054151101","Custom Computer Programming Services"
"1973",2014-05-01,35.8,"CEU6054151101","Custom Computer Programming Services"
"1974",2014-06-01,35.5,"CEU6054151101","Custom Computer Programming Services"
"1975",2014-07-01,31.6,"CEU6054151101","Custom Computer Programming Services"
"1976",2014-08-01,34.1,"CEU6054151101","Custom Computer Programming Services"
"1977",2014-09-01,34.3,"CEU6054151101","Custom Computer Programming Services"
"1978",2014-10-01,35.7,"CEU6054151101","Custom Computer Programming Services"
"1979",2014-11-01,39.6,"CEU6054151101","Custom Computer Programming Services"
"1980",2014-12-01,46.0999999999999,"CEU6054151101","Custom Computer Programming Services"
"1981",2015-01-01,46.4,"CEU6054151101","Custom Computer Programming Services"
"1982",2015-02-01,50.6,"CEU6054151101","Custom Computer Programming Services"
"1983",2015-03-01,54.8000000000001,"CEU6054151101","Custom Computer Programming Services"
"1984",2015-04-01,53.9,"CEU6054151101","Custom Computer Programming Services"
"1985",2015-05-01,49.2,"CEU6054151101","Custom Computer Programming Services"
"1986",2015-06-01,52.8,"CEU6054151101","Custom Computer Programming Services"
"1987",2015-07-01,60,"CEU6054151101","Custom Computer Programming Services"
"1988",2015-08-01,60.4,"CEU6054151101","Custom Computer Programming Services"
"1989",2015-09-01,57.2,"CEU6054151101","Custom Computer Programming Services"
"1990",2015-10-01,56.1,"CEU6054151101","Custom Computer Programming Services"
"1991",2015-11-01,54.4,"CEU6054151101","Custom Computer Programming Services"
"1992",2015-12-01,43.2,"CEU6054151101","Custom Computer Programming Services"
"1993",2016-01-01,40.1,"CEU6054151101","Custom Computer Programming Services"
"1994",2016-02-01,39.7,"CEU6054151101","Custom Computer Programming Services"
"1995",2016-03-01,38.6999999999999,"CEU6054151101","Custom Computer Programming Services"
"1996",2016-04-01,39.2,"CEU6054151101","Custom Computer Programming Services"
"1997",2016-05-01,41.5,"CEU6054151101","Custom Computer Programming Services"
"1998",2016-06-01,36.2,"CEU6054151101","Custom Computer Programming Services"
"1999",2016-07-01,29.8,"CEU6054151101","Custom Computer Programming Services"
"2000",2016-08-01,32,"CEU6054151101","Custom Computer Programming Services"
"2001",2016-09-01,34.1999999999999,"CEU6054151101","Custom Computer Programming Services"
"2002",2016-10-01,32.5,"CEU6054151101","Custom Computer Programming Services"
"2003",2016-11-01,28.3,"CEU6054151101","Custom Computer Programming Services"
"2004",2016-12-01,32.4,"CEU6054151101","Custom Computer Programming Services"
"2005",2017-01-01,33.4,"CEU6054151101","Custom Computer Programming Services"
"2006",2017-02-01,31.9,"CEU6054151101","Custom Computer Programming Services"
"2007",2017-03-01,25.7,"CEU6054151101","Custom Computer Programming Services"
"2008",2017-04-01,21.9,"CEU6054151101","Custom Computer Programming Services"
"2009",2017-05-01,19.5999999999999,"CEU6054151101","Custom Computer Programming Services"
"2010",2017-06-01,21.2,"CEU6054151101","Custom Computer Programming Services"
"2011",2017-07-01,27.2,"CEU6054151101","Custom Computer Programming Services"
"2012",2017-08-01,24.9000000000001,"CEU6054151101","Custom Computer Programming Services"
"2013",2017-09-01,23.5,"CEU6054151101","Custom Computer Programming Services"
"2014",2017-10-01,26.6999999999999,"CEU6054151101","Custom Computer Programming Services"
"2015",2017-11-01,28.7,"CEU6054151101","Custom Computer Programming Services"
"2016",2017-12-01,30.1,"CEU6054151101","Custom Computer Programming Services"
"2017",2018-01-01,31,"CEU6054151101","Custom Computer Programming Services"
"2018",2018-02-01,31.6,"CEU6054151101","Custom Computer Programming Services"
"2019",2018-03-01,33.4,"CEU6054151101","Custom Computer Programming Services"
"2020",2018-04-01,33.6,"CEU6054151101","Custom Computer Programming Services"
"2021",2018-05-01,38.6,"CEU6054151101","Custom Computer Programming Services"
"2022",2018-06-01,37.1999999999999,"CEU6054151101","Custom Computer Programming Services"
"2023",2018-07-01,38.6999999999999,"CEU6054151101","Custom Computer Programming Services"
"2024",2018-08-01,37.3,"CEU6054151101","Custom Computer Programming Services"
"2025",2018-09-01,34.1,"CEU6054151101","Custom Computer Programming Services"
"2026",2018-10-01,39.1,"CEU6054151101","Custom Computer Programming Services"
"2027",2018-11-01,42.4,"CEU6054151101","Custom Computer Programming Services"
"2028",2018-12-01,39.3,"CEU6054151101","Custom Computer Programming Services"
"2029",2019-01-01,43.1,"CEU6054151101","Custom Computer Programming Services"
"2030",2019-02-01,42.6999999999999,"CEU6054151101","Custom Computer Programming Services"
"2031",2019-03-01,42.7,"CEU6054151101","Custom Computer Programming Services"
"2032",2019-04-01,49.6,"CEU6054151101","Custom Computer Programming Services"
"2033",2019-05-01,46.4,"CEU6054151101","Custom Computer Programming Services"
"2034",2019-06-01,45.8000000000001,"CEU6054151101","Custom Computer Programming Services"
"2035",2019-07-01,47.2,"CEU6054151101","Custom Computer Programming Services"
"2036",2019-08-01,46,"CEU6054151101","Custom Computer Programming Services"
"2037",2019-09-01,42.7,"CEU6054151101","Custom Computer Programming Services"
"2038",2019-10-01,37.9,"CEU6054151101","Custom Computer Programming Services"
"2039",2019-11-01,35.8000000000001,"CEU6054151101","Custom Computer Programming Services"
"2040",2019-12-01,33.5,"CEU6054151101","Custom Computer Programming Services"
"2041",2020-01-01,33.5,"CEU6054151101","Custom Computer Programming Services"
"2042",2020-02-01,33,"CEU6054151101","Custom Computer Programming Services"
"2043",2020-03-01,24.9,"CEU6054151101","Custom Computer Programming Services"
"2044",2020-04-01,-1.70000000000005,"CEU6054151101","Custom Computer Programming Services"
"2045",2020-05-01,-7.29999999999995,"CEU6054151101","Custom Computer Programming Services"
"2046",2020-06-01,-10.8000000000001,"CEU6054151101","Custom Computer Programming Services"
"2047",2020-07-01,-10,"CEU6054151101","Custom Computer Programming Services"
"2048",2020-08-01,-4,"CEU6054151101","Custom Computer Programming Services"
"2049",2020-09-01,0.199999999999932,"CEU6054151101","Custom Computer Programming Services"
"2050",2020-10-01,3.60000000000002,"CEU6054151101","Custom Computer Programming Services"
"2051",2020-11-01,3.79999999999995,"CEU6054151101","Custom Computer Programming Services"
"2052",2020-12-01,15,"CEU6054151101","Custom Computer Programming Services"
"2053",2021-01-01,10.0999999999999,"CEU6054151101","Custom Computer Programming Services"
"2054",2021-02-01,10.9,"CEU6054151101","Custom Computer Programming Services"
"2055",2021-03-01,18.6,"CEU6054151101","Custom Computer Programming Services"
"2056",2021-04-01,43.6,"CEU6054151101","Custom Computer Programming Services"
"2057",2021-05-01,52.4,"CEU6054151101","Custom Computer Programming Services"
"2058",2021-06-01,58.2,"CEU6054151101","Custom Computer Programming Services"
"2059",2021-07-01,63.3,"CEU6054151101","Custom Computer Programming Services"
"2060",2021-08-01,62.3,"CEU6054151101","Custom Computer Programming Services"
"2061",2021-09-01,62.6,"CEU6054151101","Custom Computer Programming Services"
"2062",2021-10-01,66.3,"CEU6054151101","Custom Computer Programming Services"
"2063",2021-11-01,74.4000000000001,"CEU6054151101","Custom Computer Programming Services"
"2064",2021-12-01,75.1000000000001,"CEU6054151101","Custom Computer Programming Services"
"2065",2022-01-01,77.7,"CEU6054151101","Custom Computer Programming Services"
"2066",2022-02-01,82.1000000000001,"CEU6054151101","Custom Computer Programming Services"
"2067",2022-03-01,86.3000000000001,"CEU6054151101","Custom Computer Programming Services"
"2068",2022-04-01,91.9,"CEU6054151101","Custom Computer Programming Services"
"2069",2022-05-01,89.8000000000001,"CEU6054151101","Custom Computer Programming Services"
"2070",2022-06-01,96.1999999999999,"CEU6054151101","Custom Computer Programming Services"
"2071",2022-07-01,80.9000000000001,"CEU6054151101","Custom Computer Programming Services"
"2072",2022-08-01,83.2,"CEU6054151101","Custom Computer Programming Services"
"2073",2022-09-01,84.3,"CEU6054151101","Custom Computer Programming Services"
"2074",2022-10-01,78.8,"CEU6054151101","Custom Computer Programming Services"
"2075",2022-11-01,68.0999999999999,"CEU6054151101","Custom Computer Programming Services"
"2076",2022-12-01,59.6999999999998,"CEU6054151101","Custom Computer Programming Services"
"2077",2023-01-01,46.5,"CEU6054151101","Custom Computer Programming Services"
"2078",2023-02-01,38.3999999999999,"CEU6054151101","Custom Computer Programming Services"
"2079",2023-03-01,33.5999999999999,"CEU6054151101","Custom Computer Programming Services"
"2080",2023-04-01,28.3,"CEU6054151101","Custom Computer Programming Services"
"2081",2023-05-01,16,"CEU6054151101","Custom Computer Programming Services"
"2082",2023-06-01,2.90000000000009,"CEU6054151101","Custom Computer Programming Services"
"2083",2023-07-01,2.89999999999986,"CEU6054151101","Custom Computer Programming Services"
"2084",2023-08-01,-11.5,"CEU6054151101","Custom Computer Programming Services"
"2085",2023-09-01,-20.7,"CEU6054151101","Custom Computer Programming Services"
"2086",2023-10-01,-33.8999999999999,"CEU6054151101","Custom Computer Programming Services"
"2087",2023-11-01,-33.0999999999999,"CEU6054151101","Custom Computer Programming Services"
"2088",2023-12-01,-34.0999999999999,"CEU6054151101","Custom Computer Programming Services"
"2089",2024-01-01,-30.9000000000001,"CEU6054151101","Custom Computer Programming Services"
"2090",2024-02-01,-33.2,"CEU6054151101","Custom Computer Programming Services"
"2091",2024-03-01,-39.7,"CEU6054151101","Custom Computer Programming Services"
"2092",2024-04-01,-43,"CEU6054151101","Custom Computer Programming Services"
"2093",2024-05-01,-34,"CEU6054151101","Custom Computer Programming Services"
"2094",2024-06-01,-31,"CEU6054151101","Custom Computer Programming Services"
"2095",2024-07-01,-32.1999999999998,"CEU6054151101","Custom Computer Programming Services"
"2096",2024-08-01,-25.2,"CEU6054151101","Custom Computer Programming Services"
"2097",2024-09-01,-21.0999999999999,"CEU6054151101","Custom Computer Programming Services"
"2098",2024-10-01,-13.7,"CEU6054151101","Custom Computer Programming Services"
"2099",2024-11-01,-16.6000000000001,"CEU6054151101","Custom Computer Programming Services"
"2100",2024-12-01,-11.3,"CEU6054151101","Custom Computer Programming Services"
"2101",2025-01-01,-12.5,"CEU6054151101","Custom Computer Programming Services"
"2102",2025-02-01,-19.3,"CEU6054151101","Custom Computer Programming Services"
"2103",2025-03-01,-21,"CEU6054151101","Custom Computer Programming Services"
"2104",2025-04-01,-17.5999999999999,"CEU6054151101","Custom Computer Programming Services"
"2105",2025-05-01,-15.5,"CEU6054151101","Custom Computer Programming Services"
"2106",2025-06-01,-21.5,"CEU6054151101","Custom Computer Programming Services"
"2107",2025-07-01,-15.8000000000002,"CEU6054151101","Custom Computer Programming Services"
"2108",2025-08-01,-16.0999999999999,"CEU6054151101","Custom Computer Programming Services"
"2109",2025-09-01,-16.5,"CEU6054151101","Custom Computer Programming Services"
"2110",2025-10-01,-13.3,"CEU6054151101","Custom Computer Programming Services"
"2111",2025-11-01,-11.8999999999999,"CEU6054151101","Custom Computer Programming Services"
"2112",2025-12-01,-12,"CEU6054151101","Custom Computer Programming Services"
"2113",2026-01-01,-11.5999999999999,"CEU6054151101","Custom Computer Programming Services"
"2114",2026-02-01,-3,"CEU6054151101","Custom Computer Programming Services"
"2115",2026-03-01,-5.79999999999995,"CEU6054151101","Custom Computer Programming Services"
"2116",1991-01-01,3.20000000000002,"CEU6054151201","Computer Systems Design Services"
"2117",1991-02-01,3.70000000000002,"CEU6054151201","Computer Systems Design Services"
"2118",1991-03-01,3.69999999999999,"CEU6054151201","Computer Systems Design Services"
"2119",1991-04-01,4,"CEU6054151201","Computer Systems Design Services"
"2120",1991-05-01,3.69999999999999,"CEU6054151201","Computer Systems Design Services"
"2121",1991-06-01,4.39999999999998,"CEU6054151201","Computer Systems Design Services"
"2122",1991-07-01,3.90000000000001,"CEU6054151201","Computer Systems Design Services"
"2123",1991-08-01,4.09999999999999,"CEU6054151201","Computer Systems Design Services"
"2124",1991-09-01,4.29999999999998,"CEU6054151201","Computer Systems Design Services"
"2125",1991-10-01,5.09999999999999,"CEU6054151201","Computer Systems Design Services"
"2126",1991-11-01,5.40000000000001,"CEU6054151201","Computer Systems Design Services"
"2127",1991-12-01,5.89999999999998,"CEU6054151201","Computer Systems Design Services"
"2128",1992-01-01,8.09999999999999,"CEU6054151201","Computer Systems Design Services"
"2129",1992-02-01,8,"CEU6054151201","Computer Systems Design Services"
"2130",1992-03-01,8.20000000000002,"CEU6054151201","Computer Systems Design Services"
"2131",1992-04-01,7.60000000000002,"CEU6054151201","Computer Systems Design Services"
"2132",1992-05-01,8.30000000000001,"CEU6054151201","Computer Systems Design Services"
"2133",1992-06-01,8.60000000000002,"CEU6054151201","Computer Systems Design Services"
"2134",1992-07-01,9.90000000000001,"CEU6054151201","Computer Systems Design Services"
"2135",1992-08-01,11.2,"CEU6054151201","Computer Systems Design Services"
"2136",1992-09-01,13,"CEU6054151201","Computer Systems Design Services"
"2137",1992-10-01,13.4,"CEU6054151201","Computer Systems Design Services"
"2138",1992-11-01,14,"CEU6054151201","Computer Systems Design Services"
"2139",1992-12-01,14.4,"CEU6054151201","Computer Systems Design Services"
"2140",1993-01-01,14.5,"CEU6054151201","Computer Systems Design Services"
"2141",1993-02-01,14.5,"CEU6054151201","Computer Systems Design Services"
"2142",1993-03-01,15.3,"CEU6054151201","Computer Systems Design Services"
"2143",1993-04-01,16.4,"CEU6054151201","Computer Systems Design Services"
"2144",1993-05-01,16.7,"CEU6054151201","Computer Systems Design Services"
"2145",1993-06-01,16.5,"CEU6054151201","Computer Systems Design Services"
"2146",1993-07-01,16.7,"CEU6054151201","Computer Systems Design Services"
"2147",1993-08-01,16.3,"CEU6054151201","Computer Systems Design Services"
"2148",1993-09-01,15.1,"CEU6054151201","Computer Systems Design Services"
"2149",1993-10-01,15.2,"CEU6054151201","Computer Systems Design Services"
"2150",1993-11-01,15.7,"CEU6054151201","Computer Systems Design Services"
"2151",1993-12-01,15.7,"CEU6054151201","Computer Systems Design Services"
"2152",1994-01-01,14.5,"CEU6054151201","Computer Systems Design Services"
"2153",1994-02-01,14.3,"CEU6054151201","Computer Systems Design Services"
"2154",1994-03-01,15,"CEU6054151201","Computer Systems Design Services"
"2155",1994-04-01,14.6,"CEU6054151201","Computer Systems Design Services"
"2156",1994-05-01,15.8,"CEU6054151201","Computer Systems Design Services"
"2157",1994-06-01,18.8,"CEU6054151201","Computer Systems Design Services"
"2158",1994-07-01,19.6,"CEU6054151201","Computer Systems Design Services"
"2159",1994-08-01,21.1,"CEU6054151201","Computer Systems Design Services"
"2160",1994-09-01,22.6,"CEU6054151201","Computer Systems Design Services"
"2161",1994-10-01,24,"CEU6054151201","Computer Systems Design Services"
"2162",1994-11-01,25.7,"CEU6054151201","Computer Systems Design Services"
"2163",1994-12-01,26.2,"CEU6054151201","Computer Systems Design Services"
"2164",1995-01-01,27.2,"CEU6054151201","Computer Systems Design Services"
"2165",1995-02-01,29.8,"CEU6054151201","Computer Systems Design Services"
"2166",1995-03-01,29.4,"CEU6054151201","Computer Systems Design Services"
"2167",1995-04-01,30.4,"CEU6054151201","Computer Systems Design Services"
"2168",1995-05-01,32.9,"CEU6054151201","Computer Systems Design Services"
"2169",1995-06-01,32.7,"CEU6054151201","Computer Systems Design Services"
"2170",1995-07-01,33.3,"CEU6054151201","Computer Systems Design Services"
"2171",1995-08-01,34.6,"CEU6054151201","Computer Systems Design Services"
"2172",1995-09-01,36,"CEU6054151201","Computer Systems Design Services"
"2173",1995-10-01,36.8,"CEU6054151201","Computer Systems Design Services"
"2174",1995-11-01,36.4,"CEU6054151201","Computer Systems Design Services"
"2175",1995-12-01,39.5,"CEU6054151201","Computer Systems Design Services"
"2176",1996-01-01,38.6,"CEU6054151201","Computer Systems Design Services"
"2177",1996-02-01,39.3,"CEU6054151201","Computer Systems Design Services"
"2178",1996-03-01,41.8,"CEU6054151201","Computer Systems Design Services"
"2179",1996-04-01,42.1,"CEU6054151201","Computer Systems Design Services"
"2180",1996-05-01,40.7,"CEU6054151201","Computer Systems Design Services"
"2181",1996-06-01,41.9,"CEU6054151201","Computer Systems Design Services"
"2182",1996-07-01,42.4,"CEU6054151201","Computer Systems Design Services"
"2183",1996-08-01,42.4,"CEU6054151201","Computer Systems Design Services"
"2184",1996-09-01,44,"CEU6054151201","Computer Systems Design Services"
"2185",1996-10-01,44.1,"CEU6054151201","Computer Systems Design Services"
"2186",1996-11-01,47,"CEU6054151201","Computer Systems Design Services"
"2187",1996-12-01,47.3,"CEU6054151201","Computer Systems Design Services"
"2188",1997-01-01,52.4,"CEU6054151201","Computer Systems Design Services"
"2189",1997-02-01,54.5,"CEU6054151201","Computer Systems Design Services"
"2190",1997-03-01,56.3,"CEU6054151201","Computer Systems Design Services"
"2191",1997-04-01,57.5,"CEU6054151201","Computer Systems Design Services"
"2192",1997-05-01,60.6,"CEU6054151201","Computer Systems Design Services"
"2193",1997-06-01,57.8,"CEU6054151201","Computer Systems Design Services"
"2194",1997-07-01,59,"CEU6054151201","Computer Systems Design Services"
"2195",1997-08-01,59.5,"CEU6054151201","Computer Systems Design Services"
"2196",1997-09-01,59.1,"CEU6054151201","Computer Systems Design Services"
"2197",1997-10-01,61.1,"CEU6054151201","Computer Systems Design Services"
"2198",1997-11-01,59,"CEU6054151201","Computer Systems Design Services"
"2199",1997-12-01,60.3,"CEU6054151201","Computer Systems Design Services"
"2200",1998-01-01,58.1,"CEU6054151201","Computer Systems Design Services"
"2201",1998-02-01,57.6,"CEU6054151201","Computer Systems Design Services"
"2202",1998-03-01,58.6,"CEU6054151201","Computer Systems Design Services"
"2203",1998-04-01,60.6,"CEU6054151201","Computer Systems Design Services"
"2204",1998-05-01,59,"CEU6054151201","Computer Systems Design Services"
"2205",1998-06-01,63.2,"CEU6054151201","Computer Systems Design Services"
"2206",1998-07-01,67.1,"CEU6054151201","Computer Systems Design Services"
"2207",1998-08-01,68.6,"CEU6054151201","Computer Systems Design Services"
"2208",1998-09-01,69.3,"CEU6054151201","Computer Systems Design Services"
"2209",1998-10-01,70.1,"CEU6054151201","Computer Systems Design Services"
"2210",1998-11-01,73.9,"CEU6054151201","Computer Systems Design Services"
"2211",1998-12-01,72.8,"CEU6054151201","Computer Systems Design Services"
"2212",1999-01-01,72.7,"CEU6054151201","Computer Systems Design Services"
"2213",1999-02-01,72,"CEU6054151201","Computer Systems Design Services"
"2214",1999-03-01,68.2,"CEU6054151201","Computer Systems Design Services"
"2215",1999-04-01,67,"CEU6054151201","Computer Systems Design Services"
"2216",1999-05-01,65.5,"CEU6054151201","Computer Systems Design Services"
"2217",1999-06-01,67.6,"CEU6054151201","Computer Systems Design Services"
"2218",1999-07-01,61.6,"CEU6054151201","Computer Systems Design Services"
"2219",1999-08-01,56.9,"CEU6054151201","Computer Systems Design Services"
"2220",1999-09-01,55.1,"CEU6054151201","Computer Systems Design Services"
"2221",1999-10-01,50.4,"CEU6054151201","Computer Systems Design Services"
"2222",1999-11-01,46.6,"CEU6054151201","Computer Systems Design Services"
"2223",1999-12-01,44.3,"CEU6054151201","Computer Systems Design Services"
"2224",2000-01-01,40.9,"CEU6054151201","Computer Systems Design Services"
"2225",2000-02-01,39.5,"CEU6054151201","Computer Systems Design Services"
"2226",2000-03-01,36,"CEU6054151201","Computer Systems Design Services"
"2227",2000-04-01,34.5,"CEU6054151201","Computer Systems Design Services"
"2228",2000-05-01,34.9,"CEU6054151201","Computer Systems Design Services"
"2229",2000-06-01,31,"CEU6054151201","Computer Systems Design Services"
"2230",2000-07-01,31.3,"CEU6054151201","Computer Systems Design Services"
"2231",2000-08-01,32.3,"CEU6054151201","Computer Systems Design Services"
"2232",2000-09-01,29.7,"CEU6054151201","Computer Systems Design Services"
"2233",2000-10-01,29.4,"CEU6054151201","Computer Systems Design Services"
"2234",2000-11-01,33.9,"CEU6054151201","Computer Systems Design Services"
"2235",2000-12-01,37.9,"CEU6054151201","Computer Systems Design Services"
"2236",2001-01-01,42.4,"CEU6054151201","Computer Systems Design Services"
"2237",2001-02-01,46.8,"CEU6054151201","Computer Systems Design Services"
"2238",2001-03-01,47,"CEU6054151201","Computer Systems Design Services"
"2239",2001-04-01,40.3000000000001,"CEU6054151201","Computer Systems Design Services"
"2240",2001-05-01,32.5,"CEU6054151201","Computer Systems Design Services"
"2241",2001-06-01,25.4,"CEU6054151201","Computer Systems Design Services"
"2242",2001-07-01,18.2,"CEU6054151201","Computer Systems Design Services"
"2243",2001-08-01,10.6999999999999,"CEU6054151201","Computer Systems Design Services"
"2244",2001-09-01,1.79999999999995,"CEU6054151201","Computer Systems Design Services"
"2245",2001-10-01,-3.59999999999997,"CEU6054151201","Computer Systems Design Services"
"2246",2001-11-01,-22.3,"CEU6054151201","Computer Systems Design Services"
"2247",2001-12-01,-31.6,"CEU6054151201","Computer Systems Design Services"
"2248",2002-01-01,-50.9,"CEU6054151201","Computer Systems Design Services"
"2249",2002-02-01,-64.4,"CEU6054151201","Computer Systems Design Services"
"2250",2002-03-01,-70.6,"CEU6054151201","Computer Systems Design Services"
"2251",2002-04-01,-67.8000000000001,"CEU6054151201","Computer Systems Design Services"
"2252",2002-05-01,-68.9,"CEU6054151201","Computer Systems Design Services"
"2253",2002-06-01,-66.4,"CEU6054151201","Computer Systems Design Services"
"2254",2002-07-01,-63.2,"CEU6054151201","Computer Systems Design Services"
"2255",2002-08-01,-60.9,"CEU6054151201","Computer Systems Design Services"
"2256",2002-09-01,-58,"CEU6054151201","Computer Systems Design Services"
"2257",2002-10-01,-51.7,"CEU6054151201","Computer Systems Design Services"
"2258",2002-11-01,-40.2,"CEU6054151201","Computer Systems Design Services"
"2259",2002-12-01,-37.7,"CEU6054151201","Computer Systems Design Services"
"2260",2003-01-01,-27.3,"CEU6054151201","Computer Systems Design Services"
"2261",2003-02-01,-19.8,"CEU6054151201","Computer Systems Design Services"
"2262",2003-03-01,-19.2,"CEU6054151201","Computer Systems Design Services"
"2263",2003-04-01,-7.69999999999999,"CEU6054151201","Computer Systems Design Services"
"2264",2003-05-01,-1.10000000000002,"CEU6054151201","Computer Systems Design Services"
"2265",2003-06-01,-1.30000000000001,"CEU6054151201","Computer Systems Design Services"
"2266",2003-07-01,-5.79999999999995,"CEU6054151201","Computer Systems Design Services"
"2267",2003-08-01,-3.19999999999999,"CEU6054151201","Computer Systems Design Services"
"2268",2003-09-01,4.40000000000003,"CEU6054151201","Computer Systems Design Services"
"2269",2003-10-01,4.40000000000003,"CEU6054151201","Computer Systems Design Services"
"2270",2003-11-01,7.89999999999998,"CEU6054151201","Computer Systems Design Services"
"2271",2003-12-01,8.5,"CEU6054151201","Computer Systems Design Services"
"2272",2004-01-01,9.5,"CEU6054151201","Computer Systems Design Services"
"2273",2004-02-01,6.80000000000001,"CEU6054151201","Computer Systems Design Services"
"2274",2004-03-01,19.6,"CEU6054151201","Computer Systems Design Services"
"2275",2004-04-01,10.6,"CEU6054151201","Computer Systems Design Services"
"2276",2004-05-01,11.7,"CEU6054151201","Computer Systems Design Services"
"2277",2004-06-01,20.6,"CEU6054151201","Computer Systems Design Services"
"2278",2004-07-01,30,"CEU6054151201","Computer Systems Design Services"
"2279",2004-08-01,38.2,"CEU6054151201","Computer Systems Design Services"
"2280",2004-09-01,38.4,"CEU6054151201","Computer Systems Design Services"
"2281",2004-10-01,40.3,"CEU6054151201","Computer Systems Design Services"
"2282",2004-11-01,39.7,"CEU6054151201","Computer Systems Design Services"
"2283",2004-12-01,39.3,"CEU6054151201","Computer Systems Design Services"
"2284",2005-01-01,36.9,"CEU6054151201","Computer Systems Design Services"
"2285",2005-02-01,40,"CEU6054151201","Computer Systems Design Services"
"2286",2005-03-01,32.6,"CEU6054151201","Computer Systems Design Services"
"2287",2005-04-01,33,"CEU6054151201","Computer Systems Design Services"
"2288",2005-05-01,30,"CEU6054151201","Computer Systems Design Services"
"2289",2005-06-01,29,"CEU6054151201","Computer Systems Design Services"
"2290",2005-07-01,28.1999999999999,"CEU6054151201","Computer Systems Design Services"
"2291",2005-08-01,21.1,"CEU6054151201","Computer Systems Design Services"
"2292",2005-09-01,22.7,"CEU6054151201","Computer Systems Design Services"
"2293",2005-10-01,26.6,"CEU6054151201","Computer Systems Design Services"
"2294",2005-11-01,25.3000000000001,"CEU6054151201","Computer Systems Design Services"
"2295",2005-12-01,29.1999999999999,"CEU6054151201","Computer Systems Design Services"
"2296",2006-01-01,36.2,"CEU6054151201","Computer Systems Design Services"
"2297",2006-02-01,41.0000000000001,"CEU6054151201","Computer Systems Design Services"
"2298",2006-03-01,42.5,"CEU6054151201","Computer Systems Design Services"
"2299",2006-04-01,46.6,"CEU6054151201","Computer Systems Design Services"
"2300",2006-05-01,53.8,"CEU6054151201","Computer Systems Design Services"
"2301",2006-06-01,54.6999999999999,"CEU6054151201","Computer Systems Design Services"
"2302",2006-07-01,56.9000000000001,"CEU6054151201","Computer Systems Design Services"
"2303",2006-08-01,60,"CEU6054151201","Computer Systems Design Services"
"2304",2006-09-01,58.3000000000001,"CEU6054151201","Computer Systems Design Services"
"2305",2006-10-01,55.4,"CEU6054151201","Computer Systems Design Services"
"2306",2006-11-01,47.8,"CEU6054151201","Computer Systems Design Services"
"2307",2006-12-01,51.9000000000001,"CEU6054151201","Computer Systems Design Services"
"2308",2007-01-01,48.1,"CEU6054151201","Computer Systems Design Services"
"2309",2007-02-01,47.1999999999999,"CEU6054151201","Computer Systems Design Services"
"2310",2007-03-01,52.8000000000001,"CEU6054151201","Computer Systems Design Services"
"2311",2007-04-01,50.1,"CEU6054151201","Computer Systems Design Services"
"2312",2007-05-01,48.1,"CEU6054151201","Computer Systems Design Services"
"2313",2007-06-01,47.2,"CEU6054151201","Computer Systems Design Services"
"2314",2007-07-01,47.9,"CEU6054151201","Computer Systems Design Services"
"2315",2007-08-01,47.5,"CEU6054151201","Computer Systems Design Services"
"2316",2007-09-01,46.5999999999999,"CEU6054151201","Computer Systems Design Services"
"2317",2007-10-01,49.3,"CEU6054151201","Computer Systems Design Services"
"2318",2007-11-01,59.6,"CEU6054151201","Computer Systems Design Services"
"2319",2007-12-01,56.0999999999999,"CEU6054151201","Computer Systems Design Services"
"2320",2008-01-01,55.4,"CEU6054151201","Computer Systems Design Services"
"2321",2008-02-01,52.2,"CEU6054151201","Computer Systems Design Services"
"2322",2008-03-01,45.4,"CEU6054151201","Computer Systems Design Services"
"2323",2008-04-01,42.1,"CEU6054151201","Computer Systems Design Services"
"2324",2008-05-01,37.4,"CEU6054151201","Computer Systems Design Services"
"2325",2008-06-01,31.9,"CEU6054151201","Computer Systems Design Services"
"2326",2008-07-01,28.6999999999999,"CEU6054151201","Computer Systems Design Services"
"2327",2008-08-01,26.7,"CEU6054151201","Computer Systems Design Services"
"2328",2008-09-01,19.4000000000001,"CEU6054151201","Computer Systems Design Services"
"2329",2008-10-01,21.1,"CEU6054151201","Computer Systems Design Services"
"2330",2008-11-01,18.1999999999999,"CEU6054151201","Computer Systems Design Services"
"2331",2008-12-01,11.7,"CEU6054151201","Computer Systems Design Services"
"2332",2009-01-01,10.6,"CEU6054151201","Computer Systems Design Services"
"2333",2009-02-01,8.60000000000002,"CEU6054151201","Computer Systems Design Services"
"2334",2009-03-01,4.5,"CEU6054151201","Computer Systems Design Services"
"2335",2009-04-01,9.5,"CEU6054151201","Computer Systems Design Services"
"2336",2009-05-01,6.79999999999995,"CEU6054151201","Computer Systems Design Services"
"2337",2009-06-01,4.5,"CEU6054151201","Computer Systems Design Services"
"2338",2009-07-01,6.30000000000007,"CEU6054151201","Computer Systems Design Services"
"2339",2009-08-01,2,"CEU6054151201","Computer Systems Design Services"
"2340",2009-09-01,7.5,"CEU6054151201","Computer Systems Design Services"
"2341",2009-10-01,5.89999999999998,"CEU6054151201","Computer Systems Design Services"
"2342",2009-11-01,5.20000000000005,"CEU6054151201","Computer Systems Design Services"
"2343",2009-12-01,4.5,"CEU6054151201","Computer Systems Design Services"
"2344",2010-01-01,1.89999999999998,"CEU6054151201","Computer Systems Design Services"
"2345",2010-02-01,1.09999999999991,"CEU6054151201","Computer Systems Design Services"
"2346",2010-03-01,-0.300000000000068,"CEU6054151201","Computer Systems Design Services"
"2347",2010-04-01,5.29999999999995,"CEU6054151201","Computer Systems Design Services"
"2348",2010-05-01,9.80000000000007,"CEU6054151201","Computer Systems Design Services"
"2349",2010-06-01,12.3000000000001,"CEU6054151201","Computer Systems Design Services"
"2350",2010-07-01,17.1,"CEU6054151201","Computer Systems Design Services"
"2351",2010-08-01,22.5,"CEU6054151201","Computer Systems Design Services"
"2352",2010-09-01,20.6999999999999,"CEU6054151201","Computer Systems Design Services"
"2353",2010-10-01,28.5,"CEU6054151201","Computer Systems Design Services"
"2354",2010-11-01,29.6,"CEU6054151201","Computer Systems Design Services"
"2355",2010-12-01,33.1,"CEU6054151201","Computer Systems Design Services"
"2356",2011-01-01,38.5,"CEU6054151201","Computer Systems Design Services"
"2357",2011-02-01,42.4000000000001,"CEU6054151201","Computer Systems Design Services"
"2358",2011-03-01,50.5,"CEU6054151201","Computer Systems Design Services"
"2359",2011-04-01,48.4,"CEU6054151201","Computer Systems Design Services"
"2360",2011-05-01,48.3,"CEU6054151201","Computer Systems Design Services"
"2361",2011-06-01,51.0999999999999,"CEU6054151201","Computer Systems Design Services"
"2362",2011-07-01,51.4,"CEU6054151201","Computer Systems Design Services"
"2363",2011-08-01,55.5999999999999,"CEU6054151201","Computer Systems Design Services"
"2364",2011-09-01,58.9,"CEU6054151201","Computer Systems Design Services"
"2365",2011-10-01,49.8000000000001,"CEU6054151201","Computer Systems Design Services"
"2366",2011-11-01,50.6999999999999,"CEU6054151201","Computer Systems Design Services"
"2367",2011-12-01,51.4,"CEU6054151201","Computer Systems Design Services"
"2368",2012-01-01,46.6999999999999,"CEU6054151201","Computer Systems Design Services"
"2369",2012-02-01,51.1999999999999,"CEU6054151201","Computer Systems Design Services"
"2370",2012-03-01,51.1,"CEU6054151201","Computer Systems Design Services"
"2371",2012-04-01,49.8000000000001,"CEU6054151201","Computer Systems Design Services"
"2372",2012-05-01,48.5,"CEU6054151201","Computer Systems Design Services"
"2373",2012-06-01,49.4000000000001,"CEU6054151201","Computer Systems Design Services"
"2374",2012-07-01,50.5,"CEU6054151201","Computer Systems Design Services"
"2375",2012-08-01,42.9000000000001,"CEU6054151201","Computer Systems Design Services"
"2376",2012-09-01,40.7,"CEU6054151201","Computer Systems Design Services"
"2377",2012-10-01,44.6999999999999,"CEU6054151201","Computer Systems Design Services"
"2378",2012-11-01,44.9000000000001,"CEU6054151201","Computer Systems Design Services"
"2379",2012-12-01,42.6,"CEU6054151201","Computer Systems Design Services"
"2380",2013-01-01,45.2,"CEU6054151201","Computer Systems Design Services"
"2381",2013-02-01,46.1,"CEU6054151201","Computer Systems Design Services"
"2382",2013-03-01,41.9,"CEU6054151201","Computer Systems Design Services"
"2383",2013-04-01,42.9,"CEU6054151201","Computer Systems Design Services"
"2384",2013-05-01,48.1,"CEU6054151201","Computer Systems Design Services"
"2385",2013-06-01,46.6999999999999,"CEU6054151201","Computer Systems Design Services"
"2386",2013-07-01,45.6999999999999,"CEU6054151201","Computer Systems Design Services"
"2387",2013-08-01,48.1999999999999,"CEU6054151201","Computer Systems Design Services"
"2388",2013-09-01,44.1,"CEU6054151201","Computer Systems Design Services"
"2389",2013-10-01,45.5,"CEU6054151201","Computer Systems Design Services"
"2390",2013-11-01,47.6999999999999,"CEU6054151201","Computer Systems Design Services"
"2391",2013-12-01,48.6,"CEU6054151201","Computer Systems Design Services"
"2392",2014-01-01,48.8,"CEU6054151201","Computer Systems Design Services"
"2393",2014-02-01,44.7,"CEU6054151201","Computer Systems Design Services"
"2394",2014-03-01,49,"CEU6054151201","Computer Systems Design Services"
"2395",2014-04-01,49.9,"CEU6054151201","Computer Systems Design Services"
"2396",2014-05-01,48.7,"CEU6054151201","Computer Systems Design Services"
"2397",2014-06-01,46.5,"CEU6054151201","Computer Systems Design Services"
"2398",2014-07-01,46,"CEU6054151201","Computer Systems Design Services"
"2399",2014-08-01,46.3000000000001,"CEU6054151201","Computer Systems Design Services"
"2400",2014-09-01,47.1999999999999,"CEU6054151201","Computer Systems Design Services"
"2401",2014-10-01,51.6,"CEU6054151201","Computer Systems Design Services"
"2402",2014-11-01,51.6,"CEU6054151201","Computer Systems Design Services"
"2403",2014-12-01,51.4,"CEU6054151201","Computer Systems Design Services"
"2404",2015-01-01,55.2,"CEU6054151201","Computer Systems Design Services"
"2405",2015-02-01,54.0999999999999,"CEU6054151201","Computer Systems Design Services"
"2406",2015-03-01,48.3000000000001,"CEU6054151201","Computer Systems Design Services"
"2407",2015-04-01,51.7,"CEU6054151201","Computer Systems Design Services"
"2408",2015-05-01,51.9,"CEU6054151201","Computer Systems Design Services"
"2409",2015-06-01,50.9,"CEU6054151201","Computer Systems Design Services"
"2410",2015-07-01,53.8000000000001,"CEU6054151201","Computer Systems Design Services"
"2411",2015-08-01,52,"CEU6054151201","Computer Systems Design Services"
"2412",2015-09-01,50.5,"CEU6054151201","Computer Systems Design Services"
"2413",2015-10-01,48.7,"CEU6054151201","Computer Systems Design Services"
"2414",2015-11-01,45.3,"CEU6054151201","Computer Systems Design Services"
"2415",2015-12-01,44.5,"CEU6054151201","Computer Systems Design Services"
"2416",2016-01-01,43.2,"CEU6054151201","Computer Systems Design Services"
"2417",2016-02-01,40.2,"CEU6054151201","Computer Systems Design Services"
"2418",2016-03-01,40.4,"CEU6054151201","Computer Systems Design Services"
"2419",2016-04-01,38.6,"CEU6054151201","Computer Systems Design Services"
"2420",2016-05-01,37.6999999999999,"CEU6054151201","Computer Systems Design Services"
"2421",2016-06-01,41,"CEU6054151201","Computer Systems Design Services"
"2422",2016-07-01,40.4,"CEU6054151201","Computer Systems Design Services"
"2423",2016-08-01,39.5,"CEU6054151201","Computer Systems Design Services"
"2424",2016-09-01,42.5,"CEU6054151201","Computer Systems Design Services"
"2425",2016-10-01,38.3,"CEU6054151201","Computer Systems Design Services"
"2426",2016-11-01,38.1,"CEU6054151201","Computer Systems Design Services"
"2427",2016-12-01,35.9,"CEU6054151201","Computer Systems Design Services"
"2428",2017-01-01,40,"CEU6054151201","Computer Systems Design Services"
"2429",2017-02-01,42.5,"CEU6054151201","Computer Systems Design Services"
"2430",2017-03-01,36.5,"CEU6054151201","Computer Systems Design Services"
"2431",2017-04-01,31.8,"CEU6054151201","Computer Systems Design Services"
"2432",2017-05-01,28.9000000000001,"CEU6054151201","Computer Systems Design Services"
"2433",2017-06-01,25.6,"CEU6054151201","Computer Systems Design Services"
"2434",2017-07-01,22.1,"CEU6054151201","Computer Systems Design Services"
"2435",2017-08-01,23.5,"CEU6054151201","Computer Systems Design Services"
"2436",2017-09-01,19.6,"CEU6054151201","Computer Systems Design Services"
"2437",2017-10-01,19.5,"CEU6054151201","Computer Systems Design Services"
"2438",2017-11-01,19.3000000000001,"CEU6054151201","Computer Systems Design Services"
"2439",2017-12-01,18.2,"CEU6054151201","Computer Systems Design Services"
"2440",2018-01-01,17.1999999999999,"CEU6054151201","Computer Systems Design Services"
"2441",2018-02-01,17.7,"CEU6054151201","Computer Systems Design Services"
"2442",2018-03-01,20.3,"CEU6054151201","Computer Systems Design Services"
"2443",2018-04-01,23.9,"CEU6054151201","Computer Systems Design Services"
"2444",2018-05-01,24.5,"CEU6054151201","Computer Systems Design Services"
"2445",2018-06-01,24,"CEU6054151201","Computer Systems Design Services"
"2446",2018-07-01,28,"CEU6054151201","Computer Systems Design Services"
"2447",2018-08-01,25.4,"CEU6054151201","Computer Systems Design Services"
"2448",2018-09-01,26.8000000000001,"CEU6054151201","Computer Systems Design Services"
"2449",2018-10-01,32.9,"CEU6054151201","Computer Systems Design Services"
"2450",2018-11-01,35.8999999999999,"CEU6054151201","Computer Systems Design Services"
"2451",2018-12-01,36.6999999999999,"CEU6054151201","Computer Systems Design Services"
"2452",2019-01-01,24.8000000000001,"CEU6054151201","Computer Systems Design Services"
"2453",2019-02-01,22.5,"CEU6054151201","Computer Systems Design Services"
"2454",2019-03-01,26.9000000000001,"CEU6054151201","Computer Systems Design Services"
"2455",2019-04-01,28.9,"CEU6054151201","Computer Systems Design Services"
"2456",2019-05-01,32.0999999999999,"CEU6054151201","Computer Systems Design Services"
"2457",2019-06-01,35.6,"CEU6054151201","Computer Systems Design Services"
"2458",2019-07-01,36.9999999999999,"CEU6054151201","Computer Systems Design Services"
"2459",2019-08-01,39.1,"CEU6054151201","Computer Systems Design Services"
"2460",2019-09-01,34.7,"CEU6054151201","Computer Systems Design Services"
"2461",2019-10-01,29.9,"CEU6054151201","Computer Systems Design Services"
"2462",2019-11-01,28.2,"CEU6054151201","Computer Systems Design Services"
"2463",2019-12-01,21.8000000000001,"CEU6054151201","Computer Systems Design Services"
"2464",2020-01-01,34.5,"CEU6054151201","Computer Systems Design Services"
"2465",2020-02-01,35.8,"CEU6054151201","Computer Systems Design Services"
"2466",2020-03-01,23.3,"CEU6054151201","Computer Systems Design Services"
"2467",2020-04-01,-6.59999999999991,"CEU6054151201","Computer Systems Design Services"
"2468",2020-05-01,-11.5,"CEU6054151201","Computer Systems Design Services"
"2469",2020-06-01,-19.9,"CEU6054151201","Computer Systems Design Services"
"2470",2020-07-01,-23.9999999999999,"CEU6054151201","Computer Systems Design Services"
"2471",2020-08-01,-24,"CEU6054151201","Computer Systems Design Services"
"2472",2020-09-01,-20.6000000000001,"CEU6054151201","Computer Systems Design Services"
"2473",2020-10-01,-8.5,"CEU6054151201","Computer Systems Design Services"
"2474",2020-11-01,-12,"CEU6054151201","Computer Systems Design Services"
"2475",2020-12-01,-3.90000000000009,"CEU6054151201","Computer Systems Design Services"
"2476",2021-01-01,-0.700000000000045,"CEU6054151201","Computer Systems Design Services"
"2477",2021-02-01,5.29999999999995,"CEU6054151201","Computer Systems Design Services"
"2478",2021-03-01,15.5999999999999,"CEU6054151201","Computer Systems Design Services"
"2479",2021-04-01,52.2,"CEU6054151201","Computer Systems Design Services"
"2480",2021-05-01,47.8,"CEU6054151201","Computer Systems Design Services"
"2481",2021-06-01,56.6999999999999,"CEU6054151201","Computer Systems Design Services"
"2482",2021-07-01,71.6,"CEU6054151201","Computer Systems Design Services"
"2483",2021-08-01,75.5,"CEU6054151201","Computer Systems Design Services"
"2484",2021-09-01,81.4000000000001,"CEU6054151201","Computer Systems Design Services"
"2485",2021-10-01,70.5,"CEU6054151201","Computer Systems Design Services"
"2486",2021-11-01,77.2,"CEU6054151201","Computer Systems Design Services"
"2487",2021-12-01,70.6000000000001,"CEU6054151201","Computer Systems Design Services"
"2488",2022-01-01,73.0999999999999,"CEU6054151201","Computer Systems Design Services"
"2489",2022-02-01,63.9000000000001,"CEU6054151201","Computer Systems Design Services"
"2490",2022-03-01,69.8000000000002,"CEU6054151201","Computer Systems Design Services"
"2491",2022-04-01,60.6999999999998,"CEU6054151201","Computer Systems Design Services"
"2492",2022-05-01,67.3000000000002,"CEU6054151201","Computer Systems Design Services"
"2493",2022-06-01,56.3,"CEU6054151201","Computer Systems Design Services"
"2494",2022-07-01,45.3999999999999,"CEU6054151201","Computer Systems Design Services"
"2495",2022-08-01,36.5,"CEU6054151201","Computer Systems Design Services"
"2496",2022-09-01,27.2,"CEU6054151201","Computer Systems Design Services"
"2497",2022-10-01,32.9000000000001,"CEU6054151201","Computer Systems Design Services"
"2498",2022-11-01,31.9000000000001,"CEU6054151201","Computer Systems Design Services"
"2499",2022-12-01,32.6999999999998,"CEU6054151201","Computer Systems Design Services"
"2500",2023-01-01,26,"CEU6054151201","Computer Systems Design Services"
"2501",2023-02-01,30.8,"CEU6054151201","Computer Systems Design Services"
"2502",2023-03-01,17.8,"CEU6054151201","Computer Systems Design Services"
"2503",2023-04-01,15.8000000000002,"CEU6054151201","Computer Systems Design Services"
"2504",2023-05-01,15.6999999999998,"CEU6054151201","Computer Systems Design Services"
"2505",2023-06-01,17.2,"CEU6054151201","Computer Systems Design Services"
"2506",2023-07-01,13,"CEU6054151201","Computer Systems Design Services"
"2507",2023-08-01,19.8999999999999,"CEU6054151201","Computer Systems Design Services"
"2508",2023-09-01,12.1999999999998,"CEU6054151201","Computer Systems Design Services"
"2509",2023-10-01,11.8,"CEU6054151201","Computer Systems Design Services"
"2510",2023-11-01,6,"CEU6054151201","Computer Systems Design Services"
"2511",2023-12-01,6.40000000000009,"CEU6054151201","Computer Systems Design Services"
"2512",2024-01-01,-3.89999999999986,"CEU6054151201","Computer Systems Design Services"
"2513",2024-02-01,-8.5,"CEU6054151201","Computer Systems Design Services"
"2514",2024-03-01,-9.29999999999995,"CEU6054151201","Computer Systems Design Services"
"2515",2024-04-01,-2.70000000000005,"CEU6054151201","Computer Systems Design Services"
"2516",2024-05-01,-6.89999999999986,"CEU6054151201","Computer Systems Design Services"
"2517",2024-06-01,-6.79999999999995,"CEU6054151201","Computer Systems Design Services"
"2518",2024-07-01,-1.89999999999986,"CEU6054151201","Computer Systems Design Services"
"2519",2024-08-01,-10.3,"CEU6054151201","Computer Systems Design Services"
"2520",2024-09-01,-9.39999999999986,"CEU6054151201","Computer Systems Design Services"
"2521",2024-10-01,-12.7,"CEU6054151201","Computer Systems Design Services"
"2522",2024-11-01,-11.9000000000001,"CEU6054151201","Computer Systems Design Services"
"2523",2024-12-01,-11.5,"CEU6054151201","Computer Systems Design Services"
"2524",2025-01-01,-6.29999999999995,"CEU6054151201","Computer Systems Design Services"
"2525",2025-02-01,-12,"CEU6054151201","Computer Systems Design Services"
"2526",2025-03-01,-12.5,"CEU6054151201","Computer Systems Design Services"
"2527",2025-04-01,-14.5,"CEU6054151201","Computer Systems Design Services"
"2528",2025-05-01,-17.3,"CEU6054151201","Computer Systems Design Services"
"2529",2025-06-01,-24.2,"CEU6054151201","Computer Systems Design Services"
"2530",2025-07-01,-30.9000000000001,"CEU6054151201","Computer Systems Design Services"
"2531",2025-08-01,-27.3,"CEU6054151201","Computer Systems Design Services"
"2532",2025-09-01,-30.8,"CEU6054151201","Computer Systems Design Services"
"2533",2025-10-01,-30.7,"CEU6054151201","Computer Systems Design Services"
"2534",2025-11-01,-34.5,"CEU6054151201","Computer Systems Design Services"
"2535",2025-12-01,-34.2,"CEU6054151201","Computer Systems Design Services"
"2536",2026-01-01,-37.5,"CEU6054151201","Computer Systems Design Services"
"2537",2026-02-01,-28.9000000000001,"CEU6054151201","Computer Systems Design Services"
"2538",2026-03-01,-33.7,"CEU6054151201","Computer Systems Design Services"
