,category,Lowest.Income,Second.Quintile,Third.Quintile,Fourth.Quintile,Highest.Income
1,"Groceries, Alcohol, & Tobacco",0.266031785,0.132173014,0.099795814,0.077324764,0.051596365
3,Nondurable Goods incl. Gasoline,0.199740276,0.122695158,0.095817194,0.077869911,0.053112651
2,Durable Goods,0.158122565,0.096575663,0.103158875,0.092655821,0.081362951
